Chemical_Names,CAS,SMILES,Cancer,Genotoxicity,Eye,Skin (Irritating),Skin (sensitizing)
Benzyl acetate,140-11-4,CC(=O)OCC1=CC=CC=C1,0,1,1,1,0
Benzophenone,119-61-9,O=C(C1=CC=CC=C1)C1=CC=CC=C1,1,1,1,1,0
Acetoin,513-86-0,CC(O)C(C)=O,na,1,1,1,na
alpha-Ionone,127-41-3,CC(=O)\C=C\C1C(C)=CCCC1(C)C,na,1,0,0,0
"1,3-Dioxolane, 4-methyl-2-pentyl-",1599-49-1,CCCCCC1OCC(C)O1,na,na,na,na,na
Allyl hexanoate,123-68-2,CCCCCC(=O)OCC=C,na,1,0,na,na
Butylated hydroxytoluene,128-37-0,CC1=CC(=C(O)C(=C1)C(C)(C)C)C(C)(C)C,1,1,1,1,1
2'-Methoxycinnamaldehyde,1504-74-1,COC1=CC=CC=C1C=CC=O,na,1,na,1,na
4-Methoxybenzaldehyde,123-11-5,COC1=CC=C(C=O)C=C1,na,1,na,na,na
2-Methylbutyl acetate,624-41-9,CCC(C)COC(C)=O,na,na,1,1,na
4'-Methoxyacetophenone,100-06-1,COC1=CC=C(C=C1)C(C)=O,na,0,na,na,na
2-Ethylhexyl fumarate,141-02-6,CCCCC(CC)COC(=O)\C=C\C(=O)OCC(CC)CCCC,na,0,0,0,1
Benzyl cinnamate,103-41-3,O=C(OCC1=CC=CC=C1)C=CC1=CC=CC=C1,na,0,0,na,1
1-Butoxy-1-oxopropan-2-yl butanoate,7492-70-8,CCCCOC(=O)C(C)OC(=O)CCC,na,1,1,1,na
"3-Methyl-1,2-cyclopentanedione",765-70-8,CC1CCC(=O)C1=O,na,na,na,na,na
"1,3-Dioxan-5-ol, 2-phenyl-",1708-40-3,OC1COC(OC1)C1=CC=CC=C1,na,na,na,na,na
"Furan, 2,2'-[dithiobis(methylene)]bis-",4437-20-1,C(SSCC1=CC=CO1)C1=CC=CO1,na,na,na,na,na
"2,4-Pentanedione",123-54-6,CC(=O)CC(C)=O,na,1,1,1,0
Butyl methacrylate,97-88-1,CCCCOC(=O)C(C)=C,na,0,1,1,1
2-sec-Butylcyclohexan-1-one,14765-30-1,CCC(C)C1CCCCC1=O,na,0,na,1,na
Benzyl propanoate,122-63-4,CCC(=O)OCC1=CC=CC=C1,na,1,0,0,0
2-Hydroxyethyl salicylate,87-28-5,OCCOC(=O)C1=CC=CC=C1O,na,na,1,1,1
"Benzaldehyde, 4-(acetyloxy)-3-methoxy-",881-68-5,COC1=C(OC(C)=O)C=CC(C=O)=C1,na,na,na,na,na
"1,2-Hexanediol",6920-22-5,CCCCC(O)CO,na,1,1,0,0
2-Heptanone,110-43-0,CCCCCC(C)=O,na,1,1,1,0
2-Methoxyethanol,109-86-4,COCCO,na,0,1,0,0
Camphor,76-22-2,CC1(C)C2CCC1(C)C(=O)C2,na,1,1,1,1
Acetylpyrazine,22047-25-2,CC(=O)C1=NC=CN=C1,na,na,na,na,1
Acetophenone,98-86-2,CC(=O)C1=CC=CC=C1,0,0,1,1,na
(Z)-3-Hexen-1-ol,928-96-1,CC\C=C/CCO,na,0,na,0,0
"(E,E)-2,4-Decadienal",25152-84-5,CCCCC\C=C\C=C\C=O,na,1,na,na,1
Acetal,105-57-7,CCOC(C)OCC,na,1,1,1,na
(4-Methoxyphenyl)methanol,105-13-5,COC1=CC=C(CO)C=C1,na,1,1,1,1
"(3R)-3,7-Dimethyloct-6-enal",2385-77-5,C[C@H](CCC=C(C)C)CC=O,na,0,na,na,1
Tetramethylpyrazine,1124-11-4,CC1=NC(C)=C(C)N=C1C,na,na,na,na,na
"2,5-Dimethylpyrazine",123-32-0,CC1=CN=C(C)C=N1,na,na,na,na,na
"2,3-Pentanedione",600-14-6,CCC(=O)C(C)=O,na,0,1,1,na
"1,3-Dioxolane, 4-methyl-2-phenyl-",2568-25-4,CC1COC(O1)C1=CC=CC=C1,na,na,na,na,na
Acetamide,60-35-5,CC(N)=O,1,1,0,0,0
1-(2-Pyridyl)-1-ethanone,1122-62-9,CC(=O)C1=CC=CC=N1,na,0,na,1,1
Butyraldehyde,123-72-8,CCCC=O,na,1,1,0,0
Butanoic acid,107-92-6,CCCC(O)=O,na,1,1,1,na
2-(2-Butoxyethoxy)ethanol,112-34-5,CCCCOCCOCCO,na,0,1,1,0
Benzyl benzoate,120-51-4,O=C(OCC1=CC=CC=C1)C1=CC=CC=C1,na,0,0,0,0
Benzaldehyde,100-52-7,O=CC1=CC=CC=C1,1,1,1,1,1
"4-(1,1,3,3-Tetramethylbutyl)phenol",140-66-9,CC(C)(C)CC(C)(C)C1=CC=C(O)C=C1,na,0,1,1,1
6-Methyl coumarin,92-48-8,CC1=CC=C2OC(=O)C=CC2=C1,na,1,na,na,na
"2,5-Dimethoxy-4-chloroaniline",6358-64-1,COC1=CC(N)=C(OC)C=C1Cl,na,0,0,0,1
p-Methylacetophenone,122-00-9,CC(=O)C1=CC=C(C)C=C1,na,0,na,1,0
"Thiophene, 2-nitro-",609-40-5,[O-][N+](=O)C1=CC=CS1,na,na,na,na,na
Dichloromethane,75-09-2,ClCCl,1,1,1,1,0
"1,2-Propylene glycol",57-55-6,CC(O)CO,0,1,na,0,0
4-Hydroxy-3-methoxybenzaldehyde,121-33-5,COC1=C(O)C=CC(C=O)=C1,na,1,1,1,0
2-Methoxyphenol,90-05-1,COC1=C(O)C=CC=C1,na,1,1,1,na
Maltol,118-71-8,CC1=C(O)C(=O)C=CO1,na,1,na,na,na
Triethyl citrate,77-93-0,CCOC(=O)CC(O)(CC(=O)OCC)C(=O)OCC,na,1,na,0,0
Furfural,98-01-1,O=CC1=CC=CO1,0,1,1,1,na
dl-Menthol,89-78-1,CC(C)[C@@H]1CC[C@@H](C)C[C@H]1O,na,1,1,1,na
(-)-Nicotine,54-11-5,CN1CCC[C@H]1C1=CN=CC=C1,na,0,na,1,0
Ethyl acetate,141-78-6,CCOC(C)=O,na,1,1,1,0
3-Phenylprop-2-enal,104-55-2,O=CC=CC1=CC=CC=C1,na,1,na,1,1
Ethyl heptanoate,106-30-9,CCCCCCC(=O)OCC,na,0,0,na,na
"3,4-Dihydrocoumarin",119-84-6,O=C1CCC2=C(O1)C=CC=C2,na,0,0,0,0
Furfuryl alcohol,98-00-0,OCC1=CC=CO1,1,1,1,1,1
Ethyl acetoacetate,141-97-9,CCOC(=O)CC(C)=O,na,1,0,0,0
2'-Acetonaphthone,93-08-3,CC(=O)C1=CC2=CC=CC=C2C=C1,na,1,na,na,na
Diethylene glycol diethyl ether,112-36-7,CCOCCOCCOCC,na,0,1,na,na
Isopentyl alcohol,123-51-3,CC(C)CCO,na,0,1,1,na
Ethyl benzoate,93-89-0,CCOC(=O)C1=CC=CC=C1,na,0,1,1,na
Cyclohexane,110-82-7,C1CCCCC1,na,1,1,1,0
Cyclotene,80-71-7,CC1=C(O)C(=O)CC1,na,1,na,na,na
(-)Carophyllene oxide,1139-30-6,C[C@@]12CC[C@@H]3[C@H](CC3(C)C)C(=C)CC[C@H]1O2,na,na,na,na,na
Benzyl alcohol,100-51-6,OCC1=CC=CC=C1,na,1,0,na,1
3-Ethoxy-4-hydroxybenzaldehyde,121-32-4,CCOC1=C(O)C=CC(C=O)=C1,na,1,1,1,0
Methyl salicylate,119-36-8,COC(=O)C1=C(O)C=CC=C1,na,1,1,1,1
alpha-Terpineol,98-55-5,CC1=CCC(CC1)C(C)(C)O,na,0,1,1,0
Diacetain glycerol,25395-31-7,CC(=O)OCC(CO)OC(C)=O,na,na,na,na,na
2-Ethyl-3-hydroxy-4-pyrone,11/8/4940,CCC1=C(O)C(=O)C=CO1,na,1,0,na,na
4-(4-Hydroxyphenyl)butan-2-one,5471-51-2,CC(=O)CCC1=CC=C(O)C=C1,na,na,0,0,0
(-)-Isopulegol,89-79-2,C[C@@H]1CC[C@H]([C@H](O)C1)C(C)=C,na,0,1,1,na
Benzoic acid,65-85-0,OC(=O)C1=CC=CC=C1,0,1,1,1,0
"2,3-Butanedione",431-03-8,CC(=O)C(C)=O,na,1,1,1,1
1-Pentanol,71-41-0,CCCCCO,na,0,1,1,na
"3,7-Dimethyl-2,6-octadienal",5392-40-5,CC(C)=CCCC(C)=CC=O,na,1,1,1,1
Methyl 2-aminobenzoate,134-20-3,COC(=O)C1=C(N)C=CC=C1,na,1,1,1,na
Ethyl butyrate,105-54-4,CCCC(=O)OCC,na,1,0,0,0
Methyl cinnamate,103-26-4,COC(=O)C=CC1=CC=CC=C1,na,1,0,0,1
2-Methoxy-4-methylphenol,93-51-6,COC1=CC(C)=CC=C1O,na,na,1,1,1
Coumarin,91-64-5,O=C1OC2=C(C=CC=C2)C=C1,0,1,0,0,0
Pentanoic acid,109-52-4,CCCCC(O)=O,na,1,1,1,na
Diethyl propanedioate,105-53-3,CCOC(=O)CC(=O)OCC,na,0,1,na,na
Diethylene glycol,111-46-6,OCCOCCO,na,0,na,0,0
1-Hexanol,111-27-3,CCCCCCO,na,0,1,1,na
beta-Caryophyllene,87-44-5,[H][C@]12CC(C)(C)[C@]1([H])CC\C(C)=C\CCC2=C,na,0,0,1,1
Triethylene glycol dimethyl ether,112-49-2,COCCOCCOCCOC,na,1,1,0,0
dl-Carvone,99-49-0,CC(=C)C1CC=C(C)C(=O)C1,na,1,na,0,1
Ethyl octanoate,106-32-1,CCCCCCCC(=O)OCC,na,0,na,na,na
Glycerol,56-81-5,OCC(O)CO,na,1,na,na,na
Ethyl cinnamate,103-36-6,CCOC(=O)C=CC1=CC=CC=C1,na,1,1,1,na
Diisobutyl phthalate,84-69-5,CC(C)COC(=O)C1=C(C=CC=C1)C(=O)OCC(C)C,na,0,0,0,0
Geranyl acetate,105-87-3,CC(C)=CCC\C(C)=C\COC(C)=O,na,1,na,1,na
"4-Hydroxy-2,5-dimethyl-3(2H)furanone",3658-77-3,CC1OC(C)=C(O)C1=O,na,1,1,na,1
6-Pentyltetrahydro-2H-pyran-2-one,705-86-2,CCCCCC1CCCC(=O)O1,na,0,0,0,0
"1,2-Propanediol, 2-acetate",1/3/6214,CC(CO)OC(C)=O,na,na,na,na,na
Pentyl acetate,628-63-7,CCCCCOC(C)=O,na,na,1,1,na
Ethyl propionate,105-37-3,CCOC(=O)CC,na,1,1,1,na
Fenchol,1632-73-1,CC1(C)C2CCC(C)(C2)C1O,na,na,na,na,na
4-Hydroxyoctanoic acid lactone,104-50-7,CCCCC1CCC(=O)O1,na,0,na,na,1
"Butanoic acid, 3-methyl-, pentyl ester",25415-62-7,CCCCCOC(=O)CC(C)C,na,na,na,na,na
"1,2-Ethanediol, 1-acetate",542-59-6,CC(=O)OCCO,na,na,na,na,na
Limonene,138-86-3,CC(=C)C1CCC(C)=CC1,na,na,1,1,1
3-Methylbutyl phenylacetate,102-19-2,CC(C)CCOC(=O)CC1=CC=CC=C1,na,0,0,0,0
(E)-2-Hexen-1-ol,928-95-0,CCC\C=C\CO,na,0,0,1,na
"cis-3,7-Dimethyl-2,6-octadien-1-yl acetate",141-12-8,CC(C)=CCC\C(C)=C/COC(C)=O,na,0,na,na,na
2-Ethoxy-5-(1-propenyl)phenol,94-86-0,CCOC1=C(O)C=C(C=CC)C=C1,na,1,na,1,na
Ethyl hexanoate,123-66-0,CCCCCC(=O)OCC,na,0,0,na,na
p-Cymene,99-87-6,CC(C)C1=CC=C(C)C=C1,na,1,0,0,0
Triacetin,102-76-1,CC(=O)OCC(COC(C)=O)OC(C)=O,na,1,0,0,0
Isopentyl butyrate,106-27-4,CCCC(=O)OCCC(C)C,na,1,1,1,1
Thiamine thiozole,137-00-8,CC1=C(CCO)SC=N1,na,na,1,1,na
"1,4-Cineole",470-67-7,CC(C)[C@]12CC[C@](C)(CC1)O2,na,na,1,1,na
Ethyl 2-methylbutyrate,7452-79-1,CCOC(=O)C(C)CC,na,0,0,0,0
"1,8-Cineol",470-82-6,CC12CCC(CC1)C(C)(C)O2,na,1,1,1,1
alpha-Pinene,80-56-8,CC1=CCC2CC1C2(C)C,na,1,1,1,1
Hexyl 2-methylbutanoate,10032-15-2,CCCCCCOC(=O)C(C)CC,na,na,na,na,na
6-Methyl-5-hepten-2-one,110-93-0,CC(C)=CCCC(C)=O,na,0,0,0,0
Acetic acid,64-19-7,CC(O)=O,na,1,1,1,na
Acetin,26446-35-5,"CC(*)=O.OCC(O)CO |lp:3:2,4:2,7:2,9:2,m:2:7.4|",na,1,na,na,na
Isobutyl acetate,110-19-0,CC(C)COC(C)=O,na,0,1,1,0
1-methyl-4-(prop-1-en-2-yl)-7-oxabicyclo[4.1.0]heptane,1195-92-2,CC(=C)C1CCC2(C)OC2C1,na,na,na,na,na
gamma-Terpinene,99-85-4,CC(C)C1=CCC(C)=CC1,na,1,1,1,na
"3,6-Nonadien-1-ol",76649-25-7,CCC=CCC=CCCO,na,na,na,na,na
Linalool,78-70-6,CC(C)=CCCC(C)(O)C=C,na,1,1,1,1
Piperonal,120-57-0,O=CC1=CC=C2OCOC2=C1,na,1,0,0,0
Linalyl acetate,115-95-7,CC(C)=CCCC(C)(OC(C)=O)C=C,na,0,1,1,1
beta-Pinene,127-91-3,CC1(C)C2CC1C(=C)CC2,na,1,1,1,1
Butyric acid n-butyl ester,109-21-7,CCCCOC(=O)CCC,na,0,0,na,na
Benzyl butyrate,103-37-7,CCCC(=O)OCC1=CC=CC=C1,na,1,0,0,0
Ethyl methylphenylglycidate,77-83-8,CCOC(=O)C1OC1(C)C1=CC=CC=C1,na,1,0,0,1
"Ethyl 2,3-epoxy-3-phenylpropionate",121-39-1,CCOC(=O)C1OC1C1=CC=CC=C1,na,1,0,na,1
"(2E)-3,7-Dimethyl-2,6-octadien-1-ol",106-24-1,CC(C)=CCC\C(C)=C\CO,na,0,1,1,1
"2,6-Dimethylhept-5-enal",106-72-9,CC(CCC=C(C)C)C=O,na,1,0,na,1
Hydroxyacetone,116-09-6,CC(=O)CO,na,1,na,na,na
Eugenol,97-53-0,COC1=C(O)C=CC(CC=C)=C1,0,1,1,1,1
3-Methylbutyl acetate,123-92-2,CC(C)CCOC(C)=O,na,1,1,1,na
2-Phenylethanol,60-12-8,OCCC1=CC=CC=C1,na,0,1,0,0
3-Phenyl-2-propen-1-ol,104-54-1,OCC=CC1=CC=CC=C1,na,1,na,1,1
4-Methylbenzaldehyde,104-87-0,CC1=CC=C(C=O)C=C1,na,0,1,1,na
6-Hexyltetrahydro-2H-pyran-2-one,710-04-3,CCCCCCC1CCCC(=O)O1,na,0,na,na,na
delta-Dodecalactone,713-95-1,CCCCCCCC1CCCC(=O)O1,na,0,na,1,na
"3,3-Dimethyl-1,2-epoxybutane",2245-30-9,CC(C)(C)C1CO1,na,na,na,1,1
Caffeine,58-08-2,CN1C=NC2=C1C(=O)N(C)C(=O)N2C,0,1,0,0,0
Malic acid,6915-15-7,OC(CC(O)=O)C(O)=O,na,0,1,1,na
Isopentyl isobutyrate,1/3/2050,CC(C)CCOC(=O)C(C)C,na,na,na,na,na
dl-Menthol,89-78-1,CC(C)[C@@H]1CC[C@@H](C)C[C@H]1O,na,1,1,1,na
3-Methylbutanal,590-86-3,CC(C)CC=O,na,1,1,1,na
"(1R,2S,5R)-(-)-Menthol",2216-51-5,CC(C)[C@@H]1CC[C@@H](C)C[C@H]1O,na,0,1,1,0
"3-Acetyl-2,5-dimethylfuran",10599-70-9,CC(=O)C1=C(C)OC(C)=C1,na,1,na,na,na
Geranyl butyrate,106-29-6,CCCC(=O)OC\C=C(/C)CCC=C(C)C,na,0,0,0,0
Ethyl nonanoate,123-29-5,CCCCCCCCC(=O)OCC,na,na,na,na,na
"2,2,4-Trimethyl-1,3-dioxolane",1193-11-9,CC1COC(C)(C)O1,na,na,na,na,na
"Phenol, 2-methoxy-4-(4-methyl-1,3-dioxolan-2-yl)-",68527-74-2,COC1=CC(=CC=C1O)C1OCC(C)O1,na,na,1,na,na
Glyceryl 1-monopropionate,624-47-5,CCC(=O)OC(O)C(O)CO,na,na,na,na,na
Hexanal,66-25-1,CCCCCC=O,na,1,1,1,na
Methyl dihydrojasmonate,24851-98-7,CCCCCC1C(CC(=O)OC)CCC1=O,na,0,0,1,0
Ethyl hexadecanoate,628-97-7,CCCCCCCCCCCCCCCC(=O)OCC,na,na,na,na,na
dl-Neomenthol,3623-51-6,CC(C)[C@@H]1CC[C@@H](C)C[C@@H]1O,na,0,1,1,0
"2,3-dihydro-2-phenyl- 4H-thiopyran-4-one",78965-33-0,O=C1CC(SC=C1)C1=CC=CC=C1,na,na,na,na,na
"Pentanoic acid, 1,1-dimethylpropyl ester",117421-32-6,CCCCC(=O)OC(C)(C)CC,na,na,na,na,na
"Pyrimidine-2,4,5-triol",20636-41-3,OC1=CNC(=O)NC1=O,na,na,na,na,na
Dimethyl glutarate,1119-40-0,COC(=O)CCCC(=O)OC,na,1,0,1,0
"(2S,5R)-2-Isopropyl-5-methylcyclohexan-1-one",14073-97-3,CC(C)[C@@H]1CC[C@@H](C)CC1=O,na,0,na,na,1
Ethyl isovalerate,108-64-5,CCOC(=O)CC(C)C,na,1,0,0,0
Hexyl hexanoate,6378-65-0,CCCCCCOC(=O)CCCCC,na,0,na,na,na
Glycidol,556-52-5,OCC1CO1,1,1,1,1,0
Methyl acetate,79-20-9,COC(C)=O,na,0,1,1,na
4-Methyl-1-(propan-2-yl)cyclohex-3-en-1-ol,562-74-3,CC(C)C1(O)CCC(C)=CC1,na,0,1,1,na
Ethyl dodecanoate,106-33-2,CCCCCCCCCCCC(=O)OCC,na,na,na,na,na
Isovaleric acid,503-74-2,CC(C)CC(O)=O,na,1,1,1,na
Hexyl acetate,142-92-7,CCCCCCOC(C)=O,na,0,1,1,na
Ethyl anthranilate,87-25-2,CCOC(=O)C1=C(N)C=CC=C1,na,0,na,na,na
Ethyl lactate,97-64-3,CCOC(=O)C(C)O,na,0,na,na,na
Thymol,89-83-8,CC(C)C1=CC=C(C)C=C1O,na,1,1,1,na
(+/-)-alpha-Methylbenzyl acetate,93-92-5,CC(OC(C)=O)C1=CC=CC=C1,na,na,0,0,0
Ethyl phenylacetate,101-97-3,CCOC(=O)CC1=CC=CC=C1,na,0,0,0,0
Isobutyl benzoate,120-50-3,CC(C)COC(=O)C1=CC=CC=C1,na,na,na,na,na
Ethyl tetradecanoate,124-06-1,CCCCCCCCCCCCCC(=O)OCC,na,na,na,na,na
"Ethanol, 2-[2-(2-methoxyethoxy)ethoxy]-, 1-acetate",3610-27-3,COCCOCCOCCOC(C)=O,na,na,na,na,na
Hexanoic acid,142-62-1,CCCCCC(O)=O,na,0,1,1,na
Diethyl phthalate,84-66-2,CCOC(=O)C1=CC=CC=C1C(=O)OCC,na,0,1,1,1
Veratraldehyde,120-14-9,COC1=CC=C(C=O)C=C1OC,na,0,na,1,1
"1,1'-Oxybis-2-propanol",110-98-5,CC(O)COCC(C)O,na,na,na,na,na
Isobornyl acetate,125-12-2,CC(=O)O[C@H]1C[C@@H]2CC[C@@]1(C)C2(C)C,na,0,1,1,na
Ethylene glycol,107-21-1,OCCO,na,0,1,1,0
3-Methylbutyl 3-methylbutanoate,659-70-1,CC(C)CCOC(=O)CC(C)C,na,1,0,0,0
Nootkatone,4674-50-4,C[C@@H]1CC(=O)C=C2CC[C@H](C[C@@]12C)C(C)=C,na,na,na,na,na
Hexyl butyrate,2639-63-6,CCCCCCOC(=O)CCC,na,0,na,na,na
Decanoic acid,334-48-5,CCCCCCCCCC(O)=O,na,1,1,1,0
trans-4-Isopropyl-1-methyl-2-cyclohexen-1-ol,29803-81-4,CC(C)[C@H]1CC[C@](C)(O)C=C1,na,na,na,na,1
"(2R,5R)-5-methyl-2-(propan-2-yl)cyclohexan-1-one",1196-31-2,CC(C)[C@H]1CC[C@@H](C)CC1=O,na,na,na,na,na
"2,3'-Bipyridine",581-50-0,C1=CC=C(N=C1)C1=CN=CC=C1,na,na,na,na,na
Terpinolene,586-62-9,CC(C)=C1CCC(C)=CC1,na,0,0,na,1
gamma-Nonanolactone,104-61-0,CCCCCC1CCC(=O)O1,na,0,1,1,na
"2,3,5-Trimethylpyrazine",14667-55-1,CC1=CN=C(C)C(C)=N1,na,na,na,na,na
Cotinine,486-56-6,CN1[C@@H](CCC1=O)C1=CN=CC=C1,na,na,na,na,na
Styrene,100-42-5,C=CC1=CC=CC=C1,1,1,1,1,na
Propanal,123-38-6,CCC=O,na,1,1,1,0
p-Xylene,106-42-3,CC1=CC=C(C)C=C1,na,0,1,1,0
R-(+)-Pulegone,89-82-7,C[C@@H]1CCC(=C(C)C)C(=O)C1,1,1,na,na,na
alpha-Terpinyl acetate,80-26-2,CC(=O)OC(C)(C)C1CCC(C)=CC1,na,0,0,0,0
"2,4-Di-tert-butylphenol",96-76-4,CC(C)(C)C1=CC(=C(O)C=C1)C(C)(C)C,na,0,1,1,0
"(2E)-3,7-dimethylocta-2,6-dienal",141-27-5,CC(C)=CCC\C(C)=C\C=O,na,0,na,1,1
"1,​2-​Benzenediol",120-80-9,OC1=C(O)C=CC=C1,1,1,1,1,1
o-Xylene,95-47-6,CC1=C(C)C=CC=C1,na,0,1,1,0
alpha-Thujone,546-80-5,CC(C)[C@@]12C[C@@H]1[C@@H](C)C(=O)C2,na,0,na,na,na
"1,3-Pentadiene",504-60-9,CC=CC=C,na,na,na,na,na
"Pyridine, 3-(1-methyl-1H-pyrrol-2-yl)-",487-19-4,CN1C=CC=C1C1=CC=CN=C1,na,na,na,na,na
Triethylene glycol,112-27-6,OCCOCCOCCO,na,0,na,na,na
beta-Ionone,79-77-6,CC(=O)\C=C\C1=C(C)CCCC1(C)C,na,0,na,na,na
gamma-Decanolactone,706-14-9,CCCCCCC1CCC(=O)O1,na,0,na,na,na
2-(Phenylmethylene)octanal,101-86-0,CCCCCCC(C=O)=CC1=CC=CC=C1,na,na,na,1,1
5-Heptyldihydro-2(3H)-furanone,104-67-6,CCCCCCCC1CCC(=O)O1,na,1,0,1,na
Phenol,108-95-2,OC1=CC=CC=C1,0,1,1,1,0
"(+/-)-1,2-Propylene oxide",75-56-9,CC1CO1,1,1,1,1,1
m-Cresol,108-39-4,CC1=CC(O)=CC=C1,1,1,1,1,na
(2E)-3-Phenylprop-2-enal,14371-10-9,O=C\C=C\C1=CC=CC=C1,na,0,na,na,na
m-Xylene,108-38-3,CC1=CC(C)=CC=C1,na,0,1,1,0
"3-Cyclohexene-1-methanol, .alpha.,.alpha.,4-trimethyl-, (1R)-",7785-53-7,CC1=CC[C@@H](CC1)C(C)(C)O,na,na,na,na,na
"2,6,10,14,18,22,26,30,34-Hexatriacontanonaen-1-ol, 3,7,11,15,19,23,27,31,35-nonamethyl-, (2E,6E,10E,14E,18E,22E,26E,30E)-",13190-97-1,CC(C)=CCC\C(C)=C\CC\C(C)=C\CC\C(C)=C\CC\C(C)=C\CC\C(C)=C\CC\C(C)=C\CC\C(C)=C\CC\C(C)=C\CO,na,na,na,na,na
Hydroquinone,123-31-9,OC1=CC=C(O)C=C1,1,1,1,1,1
1-Methylbenzene,108-88-3,CC1=CC=CC=C1,0,1,1,1,0
p-Cresol,106-44-5,CC1=CC=C(O)C=C1,1,1,1,1,na
alpha-Isomethylionone,127-51-5,CC(=O)C(C)=CC1C(C)=CCCC1(C)C,na,0,0,1,1
"2,5,8,11,14-Pentaoxapentadecane",143-24-8,COCCOCCOCCOCCOC,na,0,0,0,0
Piperitone,89-81-6,CC(C)C1CCC(C)=CC1=O,na,na,na,na,na
(-)-(S)-Nornicotine,494-97-3,C1CN[C@@H](C1)C1=CC=CN=C1,na,1,na,na,na
valeric anhydride,2082-59-9,CCCCC(=O)OC(=O)CCCC,na,0,1,1,1
Myosmine,532-12-7,C1CN=C(C1)C1=CN=CC=C1,na,na,na,na,na
o-Cresol,95-48-7,CC1=C(O)C=CC=C1,1,1,1,1,na
epsilon-Decalactone,5579-78-2,CCCCC1CCCCC(=O)O1,na,na,na,na,na
"2-(4-Methoxyphenyl)-4-methyl-1,3-dioxolane",6414-32-0,COC1=CC=C(C=C1)C1OCC(C)O1,na,na,na,na,na
"Hexanoic acid, 3-hydroxy-, methyl ester",21188-58-9,CCCC(O)CC(=O)OC,na,na,na,na,na
"1,3-Benzodioxole, 5-(4-methyl-1,3-dioxolan-2-yl)-",61683-99-6,CC1COC(O1)C1=CC=C2OCOC2=C1,na,na,na,na,na
(-)-Anatabine,581-49-7,C1N[C@@H](CC=C1)C1=CN=CC=C1,na,na,na,na,na
Pyridine,110-86-1,C1=CC=NC=C1,1,1,1,1,na
2-Methylfuran,534-22-5,CC1=CC=CO1,na,0,na,na,na
Anabasine,494-52-0,C1CC[C@H](NC1)C1=CC=CN=C1,na,na,na,na,na
d-Neomenthol,2216-52-6,CC(C)[C@@H]1CC[C@@H](C)C[C@@H]1O,na,0,na,na,na
1-Phenylethyl propionate,120-45-6,CCC(=O)OC(C)C1=CC=CC=C1,na,na,na,na,na
Chrysene,218-01-9,C1=CC=C2C(C=CC3=C2C=CC2=CC=CC=C32)=C1,1,1,na,na,na
Benzo(b)fluoranthene,205-99-2,C1=CC=C2C(=C1)C1=CC=CC3=C4C=CC=CC4=CC2=C13,1,1,na,na,na
beta-Cadinene,523-47-7,CC(C)[C@@H]1CC=C(C)[C@@H]2CC=C(C)C[C@@H]12,na,0,na,na,na
"cyclopropane, nonyl-",74663-85-7,CCCCCCCCCC1CC1,na,na,na,na,na
Ethyl salicylate,118-61-6,CCOC(=O)C1=C(O)C=CC=C1,na,0,na,na,na
Benzyl salicylate,118-58-1,OC1=C(C=CC=C1)C(=O)OCC1=CC=CC=C1,na,0,1,1,1
"2-[(1R,3S,4S)-4-Ethenyl-4-methyl-3-(prop-1-en-2-yl)cyclohexyl]propan-2-ol",639-99-6,CC(=C)[C@@H]1C[C@@H](CC[C@@]1(C)C=C)C(C)(C)O,na,0,na,na,1
Benzo[a]pyrene,50-32-8,C1=CC2=CC3=CC=C4C=CC=C5C=CC(=C2C=C1)C3=C45,1,1,na,na,1
Methyl methacrylate,80-62-6,COC(=O)C(C)=C,0,1,1,1,1
Diethyl butanedioate,123-25-1,CCOC(=O)CCC(=O)OCC,na,0,na,na,na
Decanoic acid monoglyceride,26402-22-2,CCCCCCCCCC(=O)OCC(O)CO,na,0,na,na,na
Isoquinoline,119-65-3,C1=CC2=C(C=C1)C=NC=C2,na,na,na,na,na
"2,6-Dimethoxyphenol",91-10-1,COC1=CC=CC(OC)=C1O,na,na,na,1,1
(-)-beta-bourbonene,5208-59-3,CC(C)[C@@H]1CC[C@]2(C)[C@H]3CCC(=C)[C@@H]3[C@@H]12,na,na,na,na,na
beta-Thujene,28634-89-1,CC(C)[C@@]12C[C@@H]1[C@@H](C)C=C2,na,na,na,na,na
"1,3-Butadiene",106-99-0,C=CC=C,1,1,1,na,na
4-(N-Methyl-N-nitrosamino)-1-(3-pyridyl)-1-butanone,64091-91-4,CN(CCCC(=O)C1=CC=CN=C1)N=O,1,1,na,na,na
Acenaphthene,83-32-9,C1CC2=C3C1=CC=CC3=CC=C2,0,0,na,na,na
Acenaphthylene,208-96-8,C1=CC2=C3C1=CC=CC3=CC=C2,0,na,na,na,na
Fluoranthene,206-44-0,C1=CC2=C(C=C1)C1=C3C2=CC=CC3=CC=C1,0,1,1,na,na
2-[2-(2-Ethoxyethoxy)ethoxy]ethanol,112-50-5,CCOCCOCCOCCO,na,0,na,na,na
5-(Hydroxymethyl)-2-furfural,67-47-0,OCC1=CC=C(O1)C=O,na,0,na,na,na
"(Z)-3,7-Dimethylocta-1,3,6,-triene",3338-55-4,CC(C)=CC\C=C(\C)C=C,na,na,na,na,na
(S)-3-(1-Nitroso-2-piperidinyl)pyridine,1133-64-8,O=NN1CCCC[C@H]1C1=CN=CC=C1,na,na,na,na,na
Chlorpyrifos,2921-88-2,CCOP(=S)(OCC)OC1=NC(Cl)=C(Cl)C=C1Cl,0,1,1,na,na
2-Methylnaphthalene,91-57-6,CC1=CC2=CC=CC=C2C=C1,na,0,1,1,1
N'-Nitrosonornicotine,16543-55-8,O=NN1CCC[C@H]1C1=CC=CN=C1,1,1,na,na,na
"3,4-Dimethylphenol",95-65-8,CC1=C(C)C=C(O)C=C1,na,0,1,1,na
alpha-Irone,79-69-6,CC1CC=C(C)C(C=CC(C)=O)C1(C)C,na,na,0,0,0
3-Methyl-5-(propan-2-yl)cyclohex-2-en-1-one,535-86-4,CC(C)C1CC(C)=CC(=O)C1,na,na,na,na,na
"Benzo[g,h,i]perylene",191-24-2,C1=CC2=C3C(=C1)C1=C4C(C=CC5=C4C3=C(C=C2)C=C5)=CC=C1,0,na,na,na,na
"alpha,alpha-Dimethylphenethyl butyrate",10094-34-5,CCCC(=O)OC(C)(C)CC1=CC=CC=C1,na,na,na,na,na
gamma-Heptalactone,105-21-5,CCCC1CCC(=O)O1,na,na,na,na,1
Propyl isocyanate,110-78-1,CCCN=C=O,na,na,1,1,na
4-(Propan-2-yl)cyclohex-1-ene-1-carbaldehyde,21391-98-0,CC(C)C1CCC(C=O)=CC1,na,na,na,na,na
"4,7-Methano-1H-indenol, 3a,4,5,6,7,7a-hexahydro-",27137-33-3,"[*]C1C([*])C2([*])C([*])C1([*])C1([*])C([*])C([*])=C([*])C21[*] |$_R1;;;_R1;;_R1;;_R1;;_R1;;_R1;;_R1;;_R1;;_R1;;_R1$,t:16,TLB:7:6:18.10:1.2,RG:_R1={O* |$;_AP1$,lp:0:2|},LOG={_R1:;H;1}|",na,na,na,na,na
Phenanthrene,85-01-8,C1=CC2=C(C=C1)C1=C(C=CC=C1)C=C2,0,1,na,na,1
Ethyl mandelate,774-40-3,CCOC(=O)C(O)C1=CC=CC=C1,na,na,na,na,na
"Benzaldehyde, 3-methyl-",620-23-5,CC1=CC=CC(C=O)=C1,na,na,na,na,na
N'-Nitrosoanatabine,71267-22-6,O=NN1CC=CC[C@H]1C1=CN=CC=C1,0,na,na,na,na
Naphthalene,91-20-3,C1=CC2=CC=CC=C2C=C1,1,0,1,1,1
Acetone,67-64-1,CC(C)=O,0,1,1,1,na
Fluorene,86-73-7,C1C2=C(C=CC=C2)C2=C1C=CC=C2,0,0,na,na,na
Crotonaldehyde,4170-30-3,CC=CC=O,1,1,1,1,1
Camphene,79-92-5,CC1(C)C2CCC(C2)C1=C,na,0,1,0,0
"(2E)-1-(2,6,6-Trimethyl-2-cyclohexen-1-yl)-2-buten-1-one",24720-09-0,C\C=C\C(=O)C1C(C)=CCCC1(C)C,na,0,na,1,1
"1-Methyl-4-(propan-2-yl)cyclohexane-1,2-diol",33669-76-0,CC(C)C1CCC(C)(O)C(O)C1,na,na,na,na,na
1-Methylnaphthalene,90-12-0,CC1=C2C=CC=CC2=CC=C1,na,0,1,na,1
Methyl 2-octynoate,111-12-6,CCCCCC#CC(=O)OC,na,0,na,1,1
Estragole,140-67-0,COC1=CC=C(CC=C)C=C1,1,1,na,1,na
Safrole,94-59-7,C=CCC1=CC=C2OCOC2=C1,1,1,na,na,na
Anthracene,120-12-7,C1=CC2=CC3=C(C=CC=C3)C=C2C=C1,0,1,1,0,1
Dimethoxydimethylsilane,1112-39-6,CO[Si](C)(C)OC,na,0,1,0,0
2-Acetylpyrrole,1072-83-9,CC(=O)C1=CC=CN1,na,na,na,na,na
2-Isopropyl-4-methylthiazole,15679-13-7,CC(C)C1=NC(C)=CS1,na,na,na,na,na
Hexadecamethylcyclooctasiloxane,556-68-3,C[Si]1(C)O[Si](C)(C)O[Si](C)(C)O[Si](C)(C)O[Si](C)(C)O[Si](C)(C)O[Si](C)(C)O[Si](C)(C)O1,na,na,na,na,na
"N,N-Dimethyldodecan-1-amine",112-18-5,CCCCCCCCCCCCN(C)C,na,0,1,1,1
Decamethylcyclopentasiloxane,541-02-6,C[Si]1(C)O[Si](C)(C)O[Si](C)(C)O[Si](C)(C)O[Si](C)(C)O1,na,0,na,na,na
2-Hydroxypropyl 2-methylacrylate,923-26-2,CC(O)COC(=O)C(C)=C,na,na,1,na,1
"1,4-Dioxane-2,5-dimethanol",14236-12-5,OCC1COC(CO)CO1,na,na,na,na,na
5-methyl-2-Furancarboxaldehyde,620-02-0,CC1=CC=C(O1)C=O,na,1,na,na,na
"2-Propanone, 1-(4-hydroxy-3-methoxyphenyl)-",2503-46-0,COC1=C(O)C=CC(CC(C)=O)=C1,na,na,na,na,na
"Glycerol formal, alpha,alpha'",4740-78-7,OC1COCOC1,na,na,na,na,na
"1,3-Dioxane, 2-methyl-",626-68-6,CC1OCCCO1,na,na,na,na,na
Acetyl tributyl citrate,77-90-7,CCCCOC(=O)CC(CC(=O)OCCCC)(OC(C)=O)C(=O)OCCCC,na,0,na,na,na
"1,4-Dioxane-2,6-dimethanol",54120-69-3,OCC1COCC(CO)O1,na,na,na,na,na
"1,3-Propanediol, diacetate",628-66-0,CC(=O)OCCCOC(C)=O,na,na,na,na,na
Butyl acetate,123-86-4,CCCCOC(C)=O,na,1,1,0,0
Pyrene,129-00-0,C1=CC2=C3C(C=CC4=CC=CC(C=C2)=C34)=C1,0,1,na,na,na
Trimethyl isopropyl butanamide,51115-67-4,CNC(=O)C(C)(C(C)C)C(C)C,na,0,na,0,0
2-Chloroacetaldehyde,107-20-0,ClCC=O,1,1,1,1,na
"3-Chloro-1,2-propanediol",96-24-2,OCC(O)CCl,1,1,1,1,1
Glycerol 1-monoacetate,106-61-6,CC(=O)OCC(O)CO,na,na,na,na,na
2-Ethyl-3-methylpyrazine,15707-23-0,CCC1=NC=CN=C1C,na,0,na,na,na
"4,5-Dimethyl-3-hydroxy-2,5-dihydrofuran-2-one",28664-35-9,CC1OC(=O)C(O)=C1C,na,na,na,na,1
2-Methylbutanoic acid,116-53-0,CCC(C)C(O)=O,na,0,1,1,na
Acetaldehyde,75-07-0,CC=O,1,1,1,1,1
N-Ethyl-2-(isopropyl)-5-methylcyclohexanecarboxamide,39711-79-0,CCNC(=O)C1CC(C)CCC1C(C)C,na,0,0,0,0
4-(4-Methoxyphenyl)-2-butanone,104-20-1,COC1=CC=C(CCC(C)=O)C=C1,na,1,na,na,na
"2-furanmethanol, 5-ethenyltetrahydro-alpha,alpha,5-trimethyl-, cis-",5989-33-3,CC(C)(O)[C@@H]1CC[C@@](C)(O1)C=C,na,na,na,na,na
"Propane-1,2-diyl diformate",53818-14-7,CC(COC=O)OC=O,na,na,na,na,na
Myrcene,123-35-3,CC(C)=CCCC(=C)C=C,1,1,1,1,0
Dodecamethylcyclohexasiloxane,540-97-6,C[Si]1(C)O[Si](C)(C)O[Si](C)(C)O[Si](C)(C)O[Si](C)(C)O[Si](C)(C)O1,na,0,0,0,0
Formaldehyde,50-00-0,C=O,1,1,1,1,1
2-Phenylethyl acetate,103-45-7,CC(=O)OCCC1=CC=CC=C1,na,0,1,0,0
"Acetic acid, anhydride with formic acid",2258-42-6,CC(=O)OC=O,na,na,na,na,na
Isophorone,78-59-1,CC1=CC(=O)CC(C)(C)C1,1,0,1,1,0
2-Oxobutanedioic acid,328-42-7,OC(=O)CC(=O)C(O)=O,na,0,na,0,0
"Indeno[1,2,3-cd]pyrene",193-39-5,C1=CC2=C(C=C1)C1=C3C2=CC2=C4C(C=CC(C=C1)=C34)=CC=C2,1,1,na,na,na
Harmaline,304-21-2,COC1=CC2=C(C=C1)C1=C(N2)C(C)=NCC1,na,na,na,na,na
gamma-Caprolactone,695-06-7,CCC1CCC(=O)O1,na,na,na,na,na
"Cycloheptasiloxane, tetradecamethyl-",107-50-6,C[Si]1(C)O[Si](C)(C)O[Si](C)(C)O[Si](C)(C)O[Si](C)(C)O[Si](C)(C)O[Si](C)(C)O1,na,na,na,na,na
2-Methoxy-3-methylpyrazine,2847-30-5,COC1=NC=CN=C1C,na,na,na,na,na
"1H-Pyrazole, 4-chloro- (9CI)",15878-00-9,ClC1=CNN=C1,na,na,na,na,na
"Dibenz[a,h]anthracene",53-70-3,C1=CC2=CC=C3C=C4C(C=CC5=CC=CC=C45)=CC3=C2C=C1,1,1,na,na,na
Ethanol,64-17-5,CCO,1,1,1,1,0
5-Methyl-2-phenyl-2-hexenal,21834-92-4,CC(C)CC=C(C=O)C1=CC=CC=C1,na,na,na,na,na
Levoglucosan,498-07-7,O[C@H]1[C@H]2CO[C@H](O2)[C@@H](O)[C@H]1O,na,na,na,na,na
"2,2,6-Trimethyl-6-(4-methylcyclohex-3-en-1-yl)oxan-3-ol",22567-36-8,CC1=CCC(CC1)C1(C)CCC(O)C(C)(C)O1,na,na,na,na,na
Dodecane,112-40-3,CCCCCCCCCCCC,na,0,0,1,0
(3Z)-3-Hexenyl acetate,3681-71-8,CC\C=C/CCOC(C)=O,na,0,0,0,0
Ethyl decanoate,110-38-3,CCCCCCCCCC(=O)OCC,na,0,na,na,na
(6Z)-Non-6-en-1-ol,35854-86-5,CC\C=C/CCCCCO,na,na,na,na,na
4-Pentanolide,108-29-2,CC1CCC(=O)O1,na,1,na,na,1
Sodium benzoate,532-32-1,[Na+].[O-]C(=O)C1=CC=CC=C1,na,1,1,0,0
Oleic acid,112-80-1,CCCCCCCC\C=C/CCCCCCCC(O)=O,na,1,na,na,na
Sucralose,56038-13-2,OC[C@H]1O[C@H](O[C@]2(CCl)O[C@H](CCl)[C@@H](O)[C@@H]2O)[C@H](O)[C@@H](O)[C@H]1Cl,na,1,na,1,na
(+)-Cedrol,77-53-2,[H][C@@]12CC[C@@H](C)[C@]11C[C@]([H])(C2(C)C)[C@](C)(O)CC1,na,1,na,na,na
"(1E)-1-[(1R)-2,6,6-Trimethylcyclohex-2-en-1-yl]pent-1-en-3-one",127-42-4,CCC(=O)\C=C\[C@H]1C(C)=CCCC1(C)C,na,na,na,na,na
Sucrose,57-50-1,OC[C@H]1O[C@@](CO)(O[C@H]2O[C@H](CO)[C@@H](O)[C@H](O)[C@H]2O)[C@@H](O)[C@@H]1O,na,1,na,na,na
Trisodium citrate,68-04-2,[Na+].[Na+].[Na+].OC(CC([O-])=O)(CC([O-])=O)C([O-])=O,na,1,0,0,0
p-Mentha-8-thiol-3-one,38462-22-5,CC1CCC(C(=O)C1)C(C)(C)S,na,na,na,na,na
Methoxybenzyl alcohol,1331-81-3,COc1ccccc1CO,na,na,na,na,1
(3Z)-Hex-3-en-1-yl 3-methylbutanoate,35154-45-1,CC\C=C/CCOC(=O)CC(C)C,na,na,na,na,na
"cyclohexanol, 5-methyl-2-(1-methylethyl)-, acetate",16409-45-3,CC(C)C1CCC(C)CC1OC(C)=O,na,na,na,na,na
Tabanone,13215-88-8,CC=CC=C1C(C)=CC(=O)CC1(C)C,na,na,na,na,na
(Z)-Nerol,106-25-2,CC(C)=CCC\C(C)=C/CO,na,1,1,1,1
Anethole,104-46-1,COC1=CC=C(C=CC)C=C1,0,na,na,na,1
Decanal,112-31-2,CCCCCCCCCC=O,na,1,1,0,0
S-Methyl thiobutyrate,2432-51-1,CCCC(=O)SC,na,na,na,na,na
Citronellyl acetate,150-84-5,CC(CCOC(C)=O)CCC=C(C)C,na,1,na,na,na
Ethyl 3-hydroxybutyrate,5405-41-4,CCOC(=O)CC(C)O,na,0,na,na,na
(Z)-Hex-3-enyl butyrate,16491-36-4,CCCC(=O)OCC\C=C/CC,na,na,na,na,na
"(2Z)-3,7-dimethylocta-2,6-dienal",106-26-3,CC(C)=CCC\C(C)=C/C=O,na,1,na,1,1
Lactic acid,50-21-5,CC(O)C(O)=O,na,1,1,1,0
"Potassium (E,E)-hexa-2,4-dienoate",24634-61-5,[K+].C\C=C\C=C\C([O-])=O,na,1,1,na,1
2-Methyl-3-(methylthio)pyrazine,2882-20-4,CSC1=NC=CN=C1C,na,na,na,na,na
"Phenol, 2-ethoxy-4-(4-methyl-1,3-dioxolan-2-yl)-",68527-76-4,CCOC1=CC(=CC=C1O)C1OCC(C)O1,na,na,na,1,na
4-Oxopentanoic acid,123-76-2,CC(=O)CCC(O)=O,na,0,na,na,na
Methoxybenzyl acetate,1331-83-5,COc1ccccc1COC(C)=O,na,na,na,na,na
Dimethyl sulfide,75-18-3,CSC,na,0,1,1,0
dl-Menthyl acetate,89-48-5,CC(C)[C@@H]1CC[C@@H](C)C[C@H]1OC(C)=O,na,1,0,na,0
Tris(2-ethylhexyl) phosphate,78-42-2,CCCCC(CC)COP(=O)(OCC(CC)CCCC)OCC(CC)CCCC,1,0,1,1,na
Olivetol,500-66-3,CCCCCC1=CC(O)=CC(O)=C1,na,1,na,na,na
Dipropylene glycol monomethyl ether,34590-94-8,"C*.C*.COCCOCCO |lp:5:2,8:2,11:2,m:1:6.7,3:9.10|",na,0,1,0,na
Ethyl 3-methylpentanoate,5870-68-8,CCOC(=O)CC(C)CC,na,na,na,na,na
Triphenyl phosphate,115-86-6,O=P(OC1=CC=CC=C1)(OC1=CC=CC=C1)OC1=CC=CC=C1,na,0,1,0,0
2-Ethylhexyl diphenyl phosphate,1241-94-7,CCCCC(CC)COP(=O)(OC1=CC=CC=C1)OC1=CC=CC=C1,na,0,1,1,na
(2E)-2-Hexenal,6728-26-3,CCC\C=C\C=O,na,1,na,1,1
3-Penten-2-ol,1569-50-2,CC=CC(C)O,na,na,na,na,na
"Dibutyl 1,2-benzenedicarboxylate",84-74-2,CCCCOC(=O)C1=CC=CC=C1C(=O)OCCCC,0,0,0,0,1
Phenethyl isovalerate,140-26-1,CC(C)CC(=O)OCCC1=CC=CC=C1,na,1,0,0,na
Benzyl butyl phthalate,85-68-7,CCCCOC(=O)C1=C(C=CC=C1)C(=O)OCC1=CC=CC=C1,na,1,na,1,na
Butylparaben,94-26-8,CCCCOC(=O)C1=CC=C(O)C=C1,na,1,1,1,1
Tributyl phosphate,126-73-8,CCCCOP(=O)(OCCCC)OCCCC,1,0,1,1,0
Nerolidol,7212-44-4,CC(C)=CCCC(C)=CCCC(C)(O)C=C,na,0,na,na,1
Dimethyl phthalate,131-11-3,COC(=O)C1=C(C=CC=C1)C(=O)OC,0,0,1,na,0
(2S)-2-Hydroxybutanedioic acid,97-67-6,O[C@@H](CC(O)=O)C(O)=O,na,na,1,na,na
"2,6,10,10-Tetramethyl-1-oxaspiro[4.5]dec-6-ene",36431-72-8,CC1CCC2(O1)C(C)=CCCC2(C)C,na,na,na,na,1
endo-Borneol,507-70-0,CC1(C)[C@@H]2CC[C@@]1(C)[C@@H](O)C2,na,0,1,1,1
alpha-Humalene,6753-98-6,C\C1=C/CC(C)(C)\C=C\C\C(C)=C\CC1,na,na,na,na,na
Propylparaben,94-13-3,CCCOC(=O)C1=CC=C(O)C=C1,na,1,1,1,1
Methylparaben,99-76-3,COC(=O)C1=CC=C(O)C=C1,na,1,1,1,1
Tripropyl phosphate,513-08-6,CCCOP(=O)(OCCC)OCCC,na,na,na,na,na
"Pentanoic acid, (3Z)-3-hexen-1-yl ester",35852-46-1,CCCCC(=O)OCC\C=C/CC,na,na,na,na,na
Nicotine N-oxide,2820-55-5,CN1CCC[C@H]1C1=CC=CN(=O)=C1,na,na,na,na,na
Di(2-ethylhexyl) phthalate,117-81-7,CCCCC(CC)COC(=O)C1=C(C=CC=C1)C(=O)OCC(CC)CCCC,1,1,1,1,0
Tris(2-chloroethyl) phosphate,115-96-8,ClCCOP(=O)(OCCCl)OCCCl,1,1,0,na,na
"Tris(2,3-dibromopropyl) phosphate",126-72-7,BrCC(Br)COP(=O)(OCC(Br)CBr)OCC(Br)CBr,1,1,0,1,na
2-Chlorophenol,95-57-8,OC1=CC=CC=C1Cl,na,0,1,1,na
Tris(2-butoxyethyl) phosphate,78-51-3,CCCCOCCOP(=O)(OCCOCCCC)OCCOCCCC,na,0,1,1,1
Dicyclohexyl phthalate,84-61-7,O=C(OC1CCCCC1)C1=C(C=CC=C1)C(=O)OC1CCCCC1,na,0,0,1,1
dl-Tartaric acid,133-37-9,O[C@@H]([C@H](O)C(O)=O)C(O)=O,na,na,na,1,na
Methyl butyrate,623-42-7,CCCC(=O)OC,na,1,0,na,na
2-(1-Methylethyl)-5-methylhex-2-enal,35158-25-9,CC(C)CC=C(C=O)C(C)C,na,na,na,na,na
gamma-Butyrolactone,96-48-0,O=C1CCCO1,0,1,1,1,0
Dihexyl phthalate,84-75-3,CCCCCCOC(=O)C1=C(C=CC=C1)C(=O)OCCCCCC,na,0,na,na,na
Tri-o-cresyl phosphate,78-30-8,CC1=C(OP(=O)(OC2=C(C)C=CC=C2)OC2=C(C)C=CC=C2)C=CC=C1,na,na,na,na,na
Hex-3-enyl acetate,1708-82-3,CCC=CCCOC(C)=O,na,na,na,na,na
Isopropanol,67-63-0,CC(C)O,na,1,1,1,0
"3,7-Dimethyl-3-octanol",78-69-3,CCC(C)(O)CCCC(C)C,na,0,1,1,1
3-Acetylpyridine,350-03-8,CC(=O)C1=CN=CC=C1,na,0,0,1,1
4-(Methylnitrosamino)-1-(3-pyridyl)-1-butanol,76014-81-8,CN(CCCC(O)C1=CC=CN=C1)N=O,na,na,na,na,na
L-Tartaric acid,87-69-4,O[C@H]([C@@H](O)C(O)=O)C(O)=O,na,1,1,1,na
Triethyl phosphate,78-40-0,CCOP(=O)(OCC)OCC,na,0,1,na,0
"1,3-Butanediol",107-88-0,CC(O)CCO,na,1,na,na,na
"1,3-Propanediol",504-63-2,OCCCO,na,1,0,1,na
Valencene,7/3/4630,C[C@@H]1CCC=C2CC[C@H](C[C@@]12C)C(C)=C,na,na,na,na,na
Geranyl propionate,105-90-8,CCC(=O)OC\C=C(/C)CCC=C(C)C,na,0,0,0,0
"Cyclopentaneacetic acid, 3-oxo-2-pentyl-, methyl ester, (1R,2R)-",2630-39-9,CCCCC[C@@H]1[C@@H](CC(=O)OC)CCC1=O,na,na,na,1,na
Ethylparaben,120-47-8,CCOC(=O)C1=CC=C(O)C=C1,na,0,1,1,1
Theobromine,83-67-0,CN1C=NC2=C1C(=O)NC(=O)N2C,0,1,0,na,0
"Tris(1,3-dichloro-2-propyl) phosphate",13674-87-8,ClCC(CCl)OP(=O)(OC(CCl)CCl)OC(CCl)CCl,1,1,0,1,0
Indole,120-72-9,N1C=CC2=C1C=CC=C2,na,1,1,na,na
Methyl glyoxal,78-98-8,CC(=O)C=O,0,1,1,1,na
2-Methyl-1-propanol,78-83-1,CC(C)CO,na,1,1,1,na
Dihydroxyacetone,96-26-4,CC(=O)C(O)O,na,1,1,na,0
Dipropylene glycol,25265-71-8,"C*.C*.OCCOCCO |lp:4:2,7:2,10:2,m:1:5.6,3:8.9|",na,0,1,1,na
Methacrylaldehyde,78-85-3,CC(=C)C=O,na,1,1,1,na
Ethyl ethylcarbamate,623-78-9,CCNC(=O)OCC,na,na,na,na,na
1-Butanol,71-36-3,CCCCO,0,1,1,1,0
2-Tolualdehyde,529-20-4,CC1=C(C=O)C=CC=C1,na,0,na,na,na
Phytol,150-86-7,CC(C)CCC[C@@H](C)CCC[C@@H](C)CCC\C(C)=C\CO,na,na,na,1,na
(-)-beta-Pinene,18172-67-3,CC1(C)[C@@H]2C[C@H]1C(=C)CC2,na,1,1,1,1
(S)-(-)-beta-Citronellol,7540-51-4,C[C@H](CCO)CCC=C(C)C,na,0,na,1,na
Methyl N-methylanthranilate,85-91-6,CNC1=C(C=CC=C1)C(=O)OC,na,0,1,1,0
"3,7,7-Trimethylbicyclo[4.1.0]heptane",554-59-6,CC1CCC2C(C1)C2(C)C,na,na,na,na,na
3-Octanol,589-98-0,CCCCCC(O)CC,na,0,1,1,0
Heptanoic acid,111-14-8,CCCCCCC(O)=O,na,1,1,1,0
2-(2-Ethoxyethoxy)ethanol,111-90-0,CCOCCOCCO,0,1,1,1,na
dl-Menthone,89-80-5,CC(C)[C@H]1CC[C@H](C)CC1=O,na,1,0,1,0
"2,3-Hexanedione",3848-24-6,CCCC(=O)C(C)=O,na,na,na,na,na
Isopropyl caprylate,5458-59-3,CCCCCCCC(=O)OC(C)C,na,na,na,na,na
Methyl ethyl ketone,78-93-3,CCC(C)=O,0,1,1,1,0
Octanal,124-13-0,CCCCCCCC=O,na,0,1,1,na
Citronellol,106-22-9,CC(CCO)CCC=C(C)C,na,1,0,1,1
Benzene,71-43-2,C1=CC=CC=C1,1,1,1,1,0
"3,4-Hexanedione",4437-51-8,CCC(=O)C(=O)CC,na,na,na,na,na
"2-Propenoic acid, 3-phenyl-, 1-methylethyl ester",6/5/7780,CC(C)OC(=O)C=CC1=CC=CC=C1,na,na,na,na,na
"2-Pentenoic acid, 2-methyl-, (2E)-",16957-70-3,CC\C=C(/C)C(O)=O,na,0,na,1,na
Cyclohexanol,108-93-0,OC1CCCCC1,na,1,1,1,na
Jasmone,488-10-8,CC\C=C/CC1=C(C)CCC1=O,na,0,na,na,na
3-Carene,13466-78-9,CC1=CCC2C(C1)C2(C)C,na,0,0,na,na
alpha-Phellandrene,99-83-2,CC(C)C1CC=C(C)C=C1,na,1,na,na,na
"2,3-Heptanedione",96-04-8,CCCCC(=O)C(C)=O,na,na,na,na,na
Acrolein,107-02-8,C=CC=O,1,1,1,1,na
Glyoxal,107-22-2,O=CC=O,na,1,1,1,1
Tricaprylin,538-23-8,CCCCCCCC(=O)OCC(COC(=O)CCCCCCC)OC(=O)CCCCCCC,na,1,na,na,na
Pentanal,110-62-3,CCCCC=O,na,1,1,1,na
Isoeugenol,97-54-1,COC1=CC(C=CC)=CC=C1O,na,1,1,1,1
R-(-)-Carvone,6485-40-1,CC(=C)[C@@H]1CC=C(C)C(=O)C1,na,1,0,na,1
gamma-Dodecalactone,5/7/2305,CCCCCCCCC1CCC(=O)O1,na,0,na,1,na
beta-Damascone,23726-91-2,C\C=C\C(=O)C1=C(C)CCCC1(C)C,na,0,na,na,na
Sabinen,3387-41-5,[H][C@]12C[C@]1(CCC2=C)C(C)C,na,1,na,na,na
1-Octadecanol,112-92-5,CCCCCCCCCCCCCCCCCCO,na,0,1,1,0
Menthol,1490-04-6,CC(C)C1CCC(C)CC1O,na,na,1,1,na
3-Vinylpyridine,1121-55-7,C=CC1=CN=CC=C1,na,na,na,na,na
"2,6,6-Trimethyl-2-cyclohexene-1,4-dione",1125-21-9,CC1=CC(=O)CC(C)(C)C1=O,na,0,na,1,1
alpha-Terpinene,99-86-5,CC(C)C1=CC=C(C)CC1,na,1,na,na,na
"3,7-Dimethylocta-1,3,7-triene",502-99-8,CC(=C)CCC=C(C)C=C,na,na,na,na,na
alpha-Cucurmene,644-30-4,CC(CCC=C(C)C)C1=CC=C(C)C=C1,na,na,na,na,na
"Methyl (2S)-2-({[1-(4-fluorobutyl)-1H-indazol-3-yl]carbonyl}amino)-3,3-dimethylbutanoate",2390036-46-9,COC(=O)[C@@H](NC(=O)C1=NN(CCCCF)C2=C1C=CC=C2)C(C)(C)C,na,na,na,na,na
3-[(2S)-1-Methyl-2-pyrrolidinyl]pyridine benzoate (1:1),88660-53-1,OC(=O)C1=CC=CC=C1.CN1CCC[C@H]1C1=CN=CC=C1,na,na,na,na,na
"2-Pentanone, 5-methoxy-",17429-04-8,COCCCC(C)=O,na,na,na,na,na
Propyl decanoate,30673-60-0,CCCCCCCCCC(=O)OCCC,na,na,na,na,na
Benzyl chloride,100-44-7,ClCC1=CC=CC=C1,1,1,1,1,1
Heptanal,111-71-7,CCCCCCC=O,na,1,1,1,0
2-Hexanone,591-78-6,CCCCC(C)=O,na,na,1,1,na
Squalane,111-01-3,CC(C)CCCC(C)CCCC(C)CCCCC(C)CCCC(C)CCCC(C)C,na,0,0,1,0
Cannabidiol,13956-29-1,CCCCCC1=CC(O)=C([C@@H]2C=C(C)CC[C@H]2C(C)=C)C(O)=C1,na,na,na,na,na
"Propane-1,2,3-triyl tris(3-oxooctanoate)",68444-14-4,CCCCCC(=O)CC(=O)OCC(COC(=O)CC(=O)CCCCC)OC(=O)CC(=O)CCCCC,na,na,na,na,na
"2,6,10-Trimethyldodecane",3891-98-3,CCC(C)CCCC(C)CCCC(C)C,na,0,0,0,0
4-Ethyloctane,15869-86-0,CCCCC(CC)CCC,na,na,na,na,na
"2,6,10-Trimethylhexadecane",55000-52-7,CCCCCCC(C)CCCC(C)CCCC(C)C,na,na,na,na,na
N-[[1-(5-Fluoropentyl)-1H-indazol-3-yl]carbonyl]-3-methylvaline methyl ester,1715016-75-3,COC(=O)C(NC(=O)C1=NN(CCCCCF)C2=CC=CC=C12)C(C)(C)C,na,na,na,na,na
N-(Aminoiminomethyl)acetamide,5699-40-1,CC(=O)N=C(N)N,na,na,na,na,na
1-Tridecanol,112-70-9,CCCCCCCCCCCCCO,na,0,1,1,0
(S)-Nicotine dicitrate,88660-51-9,CN1CCC[C@H]1C1=CN=CC=C1.OC(=O)CC(O)(CC(O)=O)C(O)=O.OC(=O)CC(O)(CC(O)=O)C(O)=O,na,na,na,na,na
Triethyl borate,150-46-9,CCOB(OCC)OCC,na,1,0,na,na
delta-8-Tetrahydrocannabinol,5957-75-5,[H][C@@]12CC(C)=CC[C@@]1([H])C(C)(C)OC1=CC(CCCCC)=CC(O)=C21,na,1,na,na,na
"2-Naphthalenemethanol, 1,2,3,4,4a,5,6,8a-octahydro-.alpha.,.alpha.,4a,8-tetramethyl-, (2R,4aR,8aR)-",473-16-5,CC1=CCC[C@]2(C)CC[C@H](C[C@@H]12)C(C)(C)O,na,na,na,na,na
MDMB-FUBICA,1971007-91-6,[H]C(NC(=O)C1=CN(CC2=CC=C(F)C=C2)C2=CC=CC=C12)(C(=O)OC)C(C)(C)C,na,na,na,na,na
Tetrahydrocannabinolic acid,23978-85-0,[H][C@@]12CCC(C)=C[C@@]1([H])C1=C(OC2(C)C)C=C(CCCCC)C(C(O)=O)=C1O,na,na,na,na,na
Dextromethorphan,125-71-3,[H][C@]12CCCC[C@]11CCN(C)[C@H]2CC2=C1C=C(OC)C=C2,na,na,na,1,0
Nicotine dihydrogen ditartrate,65-31-6,O[C@H]([C@@H](O)C(O)=O)C(O)=O.O[C@H]([C@@H](O)C(O)=O)C(O)=O.[H][C@]1(CCCN1C)C1=CN=CC=C1,na,na,na,na,na
2-Octanone,111-13-7,CCCCCCC(C)=O,na,0,1,1,0
Methyl decanoate,110-42-9,CCCCCCCCCC(=O)OC,na,na,0,1,0
N-[[1-[(4-Fluorophenyl)methyl]-1H-indazol-3-yl]carbonyl]-L-valine methyl ester,1971007-92-7,COC(=O)[C@@H](NC(=O)C1=NN(CC2=CC=C(F)C=C2)C2=CC=CC=C12)C(C)C,na,na,na,na,na
gamma-Selinene,515-17-3,[H][C@@]12CC(CC[C@@]1(C)CCCC2=C)=C(C)C,na,na,na,na,na
"Citric acid, triethyl ester, acetate",77-89-4,CCOC(=O)CC(CC(=O)OCC)(OC(C)=O)C(=O)OCC,na,0,na,na,na
L-Dilactide,4511-42-6,C[C@@H]1OC(=O)[C@H](C)OC1=O,na,na,1,0,0
"Benzoic acid, 2-hydroxy-, compd. with 3-[(2S)-1-methyl-2-pyrrolidinyl]pyridine (1:1)",29790-52-1,OC(=O)C1=C(O)C=CC=C1.CN1CCC[C@H]1C1=CN=CC=C1,na,na,na,1,na
"2-Hydroxypropane-1,2,3-tricarboxylic acid--3-(1-methylpyrrolidin-2-yl)pyridine (1/2)",94006-00-5,[H][C@]1(CCCN1C)C1=CN=CC=C1.[H][C@]1(CCCN1C)C1=CN=CC=C1.OC(=O)CC(O)(CC(O)=O)C(O)=O,na,na,na,na,na
alpha-Selinine,473-13-2,[H][C@@]12C[C@@H](CC[C@@]1(C)CCC=C2C)C(C)=C,na,na,na,na,na
Sodium levulinate,19856-23-6,[Na+].CC(=O)CCC([O-])=O,na,na,na,na,na
Tetrahydrocannabinol,8/3/1972,[H][C@@]12C=C(C)CC[C@@]1([H])C(C)(C)OC1=CC(CCCCC)=CC(O)=C21,na,1,na,na,na
"2,3-Dihydroxypropyl octanoate",502-54-5,CCCCCCCC(=O)OCC(O)CO,na,na,na,na,na
"Heptadecane, 2,6,10,15-tetramethyl",54833-48-6,CCC(C)CCCCC(C)CCCC(C)CCCC(C)C,na,na,na,na,na
3-Methylvaleraldehyde,15877-57-3,CCC(C)CC=O,na,na,na,na,na
"1,2-Diacetylglycerol",102-62-5,CC(=O)OCC(CO)OC(C)=O,na,na,na,na,na
"2,5-Furandione, dihydro-3-methylene-",3/8/2170,C=C1CC(=O)OC1=O,na,na,na,1,na
3-Methylpentan-2-ol,565-60-6,CCC(C)C(C)O,na,na,na,na,na
2-Hydroxypropanoic acid--3-(1-methylpyrrolidin-2-yl)pyridine (1/1),14474-00-1,CC(O)C(O)=O.[H][C@]1(CCCN1C)C1=CN=CC=C1,na,na,na,na,na
3-Methyl-4-phenylpyrazol,13788-84-6,CC1=C(C=NN1)C1=CC=CC=C1,na,na,na,na,na
Nonanal,124-19-6,CCCCCCCCC=O,na,0,0,1,na
"2,6,10-Trimethyltetradecane",14905-56-7,CCCCC(C)CCCC(C)CCCC(C)C,na,na,na,na,na
"6,10,14-Trimethylpentadecan-2-ol",69729-17-5,CC(C)CCCC(C)CCCC(C)CCCC(C)O,na,na,na,na,na
β-Maaliene,489-29-2,CC1=C2[C@H]3[C@@H](CC[C@]2(C)CCC1)C3(C)C,na,na,na,na,na
p-Cymen-8-ol,1197-01-9,CC1=CC=C(C=C1)C(C)(C)O,na,0,na,na,na
alpha-Gurjunene,489-40-7,C[C@@H]1CC[C@@H]2[C@H](C3=C(C)CC[C@H]13)C2(C)C,na,na,na,1,na
(6Z)-beta-Farnesene,28973-97-9,CC(C)=CCC\C(C)=C/CCC(=C)C=C,na,na,na,na,na
1-Hexadecene,629-73-2,CCCCCCCCCCCCCCC=C,na,1,0,1,0
1-Isopropyl-2-methylbenzene,527-84-4,CC(C)C1=C(C)C=CC=C1,na,na,na,na,na
Isocaryophyllene,118-65-0,[H][C@]12CC(C)(C)[C@]1([H])CC\C(C)=C/CCC2=C,na,na,na,1,na
"2-Cyclohexen-1-one, 3-methyl-6-(1-methylethylidene)-",491-09-8,CC(C)=C1CCC(C)=CC1=O,na,na,na,na,na
(+)-beta-Selinene,17066-67-0,[H][C@@]12C[C@@H](CC[C@@]1(C)CCCC2=C)C(C)=C,na,na,na,na,na
beta-Amyrin,559-70-6,[H][C@@]12CC(C)(C)CC[C@]1(C)CC[C@]1(C)C2=CC[C@]2([H])[C@@]3(C)CC[C@H](O)C(C)(C)[C@]3([H])CC[C@@]12C,na,na,na,na,na
(E)-Calamenene,73209-42-4,CC(C)[C@@H]1CC[C@@H](C)C2=CC=C(C)C=C12,na,na,na,na,na
Isoborneol,124-76-5,CC1(C)[C@@H]2CC[C@@]1(C)[C@H](O)C2,na,0,1,1,0
Machilol,1209-71-8,CC1=C2C[C@@H](CC[C@@]2(C)CCC1)C(C)(C)O,na,na,na,na,na
(-)-Humulene epoxide II,19888-34-7,C\C1=C/CC(C)(C)\C=C\C[C@@]2(C)O[C@@H]2CC1,na,na,na,na,na
Rotundifolone,3564-96-3,CC(C)=C1CC[C@]2(C)O[C@@H]2C1=O,na,na,na,na,na
delta-Guaiene,3691-11-0,C[C@H]1CCC2=C(C)CC[C@H](C[C@@H]12)C(C)=C,na,na,na,na,na
"1,5,8-p-Menthatriene",21195-59-5,CC(=C)C1CC=C(C)C=C1,na,na,na,na,na
alpha-Cubebene,17699-14-8,[H][C@]12[C@@H](CC[C@@H](C)[C@]11CC=C(C)[C@]21[H])C(C)C,na,na,na,na,na
"8-Isopropyl-1,3-dimethyltricyclo(4.4.0.02,7)dec-3-ene",3856-25-5,[H][C@@]12C3C(C)=CC[C@]1([H])[C@]3(C)CC[C@H]2C(C)C,na,na,na,na,na
Ylangene,14912-44-8,[H][C@@]12CC=C(C)[C@@]3([H])[C@]1([H])[C@@H](CC[C@@]23C)C(C)C,na,na,na,na,na
Bulnesol,22451-73-6,C[C@H]1CCC2=C(C)CC[C@H](C[C@@H]12)C(C)(C)O,na,na,na,na,na
"(1aR,4R,7R,7bS)-1,1,4,7-Tetramethyl-1a,2,3,4,5,6,7,7b-octahydro-1H-cyclopropa[e]azulene",95910-36-4,C[C@@H]1CCC2=C1[C@H]1[C@@H](CC[C@H]2C)C1(C)C,na,na,na,na,na
"(1R)-6,6,9-Trimethyl-2-methylidenecycloundeca-4,8-dien-1-ol",19888-00-7,CC1=CCC(C)(C)C=CCC(=C)[C@H](O)CC1,na,na,na,na,na
"2-pentadecanone, 6,10,14-trimethyl-",502-69-2,CC(C)CCCC(C)CCCC(C)CCCC(C)=O,na,0,0,1,na
"5-Azulenemethanol, 1,2,3,4,5,6,7,8-octahydro-.alpha.,.alpha.,3,8-tetramethyl-, (3S,5R,8S)-",489-86-1,C[C@H]1CCC2=C1C[C@@H](CC[C@@H]2C)C(C)(C)O,na,na,na,na,na
Aristol-1(10)-ene,17334-55-3,CC1CCC=C2CCC3C(C3(C)C)C12C,na,na,na,na,na
"7,11,15-Trimethyl-3-methylidenehexadec-1-ene",504-96-1,CC(C)CCCC(C)CCCC(C)CCCC(=C)C=C,na,na,na,na,na
"(+/-)-Cadina-1,3,5-triene",72937-55-4,CC(C)[C@@H]1CC[C@H](C)C2=CC=C(C)C=C12,na,na,na,na,na
Cadinene,29350-73-0,CC(C)[C@@H]1CC[C@H](C)[C@@H]2C=C[C@H](C)C[C@@H]12,na,1,na,1,na
(+)-δ-Selinene,28624-28-4,CC(C)C1=CC2=C(C)CCC[C@]2(C)CC1,na,na,na,na,na
"1,3-Cyclohexadiene, 1-methyl-4-(1-methylethenyl)-",18368-95-1,CC(=C)C1=CC=C(C)CC1,na,na,na,na,na
"Bicyclo[3.1.1]hept-3-en-2-ol, 4,6,6-trimethyl-, (1R,2S,5R)-rel-",1820-09-3,CC1=C[C@H](O)[C@@H]2C[C@H]1C2(C)C,na,na,na,na,na
Ledene,21747-46-6,[H][C@]12[C@H]3[C@@H](CCC(C)=C1CC[C@H]2C)C3(C)C,na,na,na,na,na
(-)-Alloaromadendrene,25246-27-9,[H][C@]12CC[C@@H](C)[C@@]1([H])[C@H]1[C@@H](CCC2=C)C1(C)C,na,na,na,na,na
(+)-Aromadendrene,489-39-4,[H][C@@]12CC[C@@H](C)[C@@]1([H])[C@H]1[C@@H](CCC2=C)C1(C)C,na,na,na,na,na
(-)-αlpha-trans-Bergamotene,13474-59-4,CC(C)=CCC[C@]1(C)[C@@H]2C[C@H]1C(C)=CC2,na,na,na,na,na
m-Camphorene,20016-73-3,CC(C)=CCCC(=C)C1CCC=C(CCC=C(C)C)C1,na,na,na,na,na
trans-beta-Farnesene,18794-84-8,CC(C)=CCC\C(C)=C\CCC(=C)C=C,na,0,0,0,0
"1,7,7-Trimethyltricyclo[2.2.1.02,6]heptane",508-32-7,CC12C3CC(CC13)C2(C)C,na,na,na,na,na
"cis-2,6-Dimethyl-2,6-octadiene",2492-22-0,C\C=C(\C)CCC=C(C)C,na,na,na,na,na
Propyl-delta(8)-tetrahydrocannabinol,31262-38-1,CCCC1=CC(O)=C2[C@@H]3CC(C)=CC[C@H]3C(C)(C)OC2=C1,na,na,na,na,na
"3-Hydroxypropane-1,2-diyl dioctanoate",1069-87-0,CCCCCCCC(=O)OCC(CO)OC(=O)CCCCCCC,na,na,na,na,na
gamma-Gurjunene,22567-17-5,[H][C@]12CC[C@@H](C)C1=C[C@@H](CC[C@H]2C)C(C)=C,na,na,na,1,na
Tetrahydrocannabivarin,31262-37-0,[H][C@@]12C=C(C)CC[C@@]1([H])C(C)(C)OC1=CC(CCC)=CC(O)=C21,na,na,na,na,na
Cannabacitran,31508-71-1,[H][C@]12C[C@@]3(C)CC[C@@]1([H])C(C)(C)OC1=C2C(O3)=CC(CCCCC)=C1,na,na,na,na,na
α-Panasinsene,56633-28-4,CC1=CCC[C@@]2(C)CC[C@@H]3C(C)(C)C[C@]123,na,na,na,na,na
"trans,trans-Farnesol",106-28-5,CC(C)=CCC\C(C)=C\CC\C(C)=C\CO,na,na,na,na,na
"6,6,9-Trimethyl-3-pentyl-6a,7,8,9,10,10a-hexahydro-6H-dibenzo[b,d]pyran-1-ol",6692-85-9,CCCCCC1=CC(O)=C2C3CC(C)CCC3C(C)(C)OC2=C1,na,na,na,na,na
"Myrtenol, (-)-",19894-97-4,CC1(C)[C@@H]2C[C@H]1C(CO)=CC2,na,na,na,na,na
alpha-Himachalene,3853-83-6,CC1=C[C@H]2[C@@H](CC1)C(=C)CCCC2(C)C,na,na,na,na,na
Cannabinol,521-35-7,CCCCCC1=CC2=C(C(O)=C1)C1=CC(C)=CC=C1C(C)(C)O2,na,1,na,na,na
"(6aR,9R)-delta10-Tetrahydrocannabinol",95543-62-7,[H][C@@]12CC[C@@H](C)C=C1C1=C(OC2(C)C)C=C(CCCCC)C=C1O,na,na,na,na,na
"Humulene, epoxide",19888-33-6,C\C1=C/CC[C@@]2(C)O[C@@H]2CC(C)(C)\C=C\C1,na,na,na,na,na
Clovanediol,2649-64-1,CC1(C)C[C@H](O)[C@]23CC[C@@H](O)[C@](C)(CC[C@@H]12)C3,na,na,na,na,na
1-Methylene-4-(1-methylvinyl)cyclohexane,499-97-8,CC(=C)C1CCC(=C)CC1,na,na,na,na,na
"(E)-6,10-Dimethylundeca-5,9-dien-2-one",3796-70-1,CC(C)=CCC\C(C)=C\CCC(C)=O,na,na,na,na,na
"1,3-Dioctanoyl glycerol",1429-66-9,CCCCCCCC(=O)OCC(O)COC(=O)CCCCCCC,na,na,na,na,na
(-)-Dihydrocarvyl acetate,20777-49-5,C[C@@H]1CC[C@H](C[C@H]1OC(C)=O)C(C)=C,na,na,na,na,na
"3,6,9,12,15,18,21,24,27-Nonaoxanonacosane-1,29-diol",5579-66-8,OCCOCCOCCOCCOCCOCCOCCOCCOCCOCCO,na,na,na,na,na
Isobornyl acrylate,5888-33-5,CC1(C)[C@H]2CC[C@]1(C)[C@H](C2)OC(=O)C=C,na,0,1,0,1
Ethyl linolenate,1191-41-9,CCOC(=O)CCCCCCC\C=C/C\C=C/C\C=C/CC,na,1,0,0,0
(-)-beta-Fenchol,470-08-6,CC1(C)[C@@H]2CC[C@@](C)(C2)[C@H]1O,na,na,na,na,na
"8,9-Dehydrothymol",18612-99-2,CC(=C)C1=C(O)C=C(C)C=C1,na,na,na,na,na
Cannabigerol,25654-31-3,CCCCCC1=CC(O)=C(C\C=C(/C)CCC=C(C)C)C(O)=C1,na,na,na,na,na
beta-Bisabolene,495-61-4,CC(C)=CCCC(=C)[C@H]1CCC(C)=CC1,na,na,na,na,na
Cannabicoumaronone,70474-97-4,CCCCCC1=CC2=C3C(=CO2)C(CCC(C)=O)C(C)(C)OC3=C1,na,na,na,na,na
"(1S,4R,7R)-1,4,9,9-Tetramethyl-1,2,3,4,5,6,7,8-octahydro-4,7-methanoazulene",514-51-2,C[C@H]1CCC2=C1C[C@H]1CC[C@]2(C)C1(C)C,na,na,na,na,na
(+)-d-Cadinene,483-76-1,CC(C)[C@@H]1CCC(C)=C2CCC(C)=C[C@@H]12,na,na,na,na,na
Cannabidivarin,24274-48-4,[H][C@]1(CCC(C)=C[C@@]1([H])C1=C(O)C=C(CCC)C=C1O)C(C)=C,na,na,na,na,na
Shyobunol,35727-45-8,CC(C)[C@@H]1CC[C@@](C)(C=C)[C@@H]([C@@H]1O)C(C)=C,na,na,na,na,na
"delta3-tetrahydrocannabinol, (R)-",95720-01-7,CCCCCC1=CC(O)=C2C(OC(C)(C)C3=C2C[C@H](C)CC3)=C1,na,na,na,na,na
"6,10-Dimethylundecan-2-one",1604-34-8,CC(C)CCCC(C)CCCC(C)=O,na,0,na,1,na
2-Methyl-2-(4-methylpent-3-en-1-yl)-7-pentyl-2H-1-benzopyran-5-ol,20675-51-8,CCCCCC1=CC(O)=C2C=CC(C)(CCC=C(C)C)OC2=C1,na,na,na,na,na
AGN-PC-0JT4J8,913176-41-7,CC1CCC(O)C(C)=CCC2C1CC2(C)C,na,na,na,na,na
(+)-1-p- Menthene,1195-31-9,CC(C)[C@@H]1CCC(C)=CC1,na,na,na,na,na
Heptyl propionate,2216-81-1,CCCCCCCOC(=O)CC,na,na,na,na,na
Hydroquinone dimethyl ether,150-78-7,COC1=CC=C(OC)C=C1,na,0,0,0,0
2-Acetylthiazole,24295-03-2,CC(=O)C1=NC=CS1,na,0,na,na,na
"Ethyl (2E,4Z)-deca-2,4-dienoate",3025-30-7,CCCCC\C=C/C=C/C(=O)OCC,na,0,na,na,na
4-Ethyl-2-methoxyphenol,2785-89-9,CCC1=CC(OC)=C(O)C=C1,na,na,na,1,na
"1,3-Dioxolane, 4-methyl-2-pentyl-",1599-49-1,CCCCCC1OCC(C)O1,na,na,na,na,na
Nonaethylene glycol,3386-18-3,OCCOCCOCCOCCOCCOCCOCCOCCOCCO,na,na,na,na,na
Heptaethylene glycol,5617-32-3,OCCOCCOCCOCCOCCOCCOCCO,na,na,na,na,na
2-Hydroxyethylhydrazine,109-84-2,NNCCO,na,1,na,na,na
Tetradecane,629-59-4,CCCCCCCCCCCCCC,na,0,0,1,0
Methyl oxoacetate,922-68-9,COC(=O)C=O,na,na,na,na,na
"Propanoic acid--ethane-1,2-diol (1/1)",24567-27-9,OCCO.CCC(O)=O,na,na,na,na,na
4-(prop-2-enoyloxy)octane,42928-87-0,CCCCC(CCC)OC(=O)C=C,na,na,na,na,na
3-Methylheptyl acetate,72218-58-7,CCCCC(C)CCOC(C)=O,na,na,na,na,na
Hexaethylene glycol,2615-15-8,OCCOCCOCCOCCOCCOCCO,na,na,na,na,na
"2-Butyl-4-methyl-1,3-dioxolane",74094-60-3,CCCCC1OCC(C)O1,na,na,na,na,na
"2,2'-Oxybis-1-propanol",108-61-2,CC(CO)OC(C)CO,na,na,na,na,na
Octaethylene glycol,5117-19-1,OCCOCCOCCOCCOCCOCCOCCOCCO,na,na,na,na,na
"1-propanol, 2-(2-hydroxypropoxy)-",106-62-7,CC(O)COC(C)CO,na,na,na,na,na
3-Octyl acetate,4864-61-3,CCCCCC(CC)OC(C)=O,na,na,na,na,na
"1,3-Dioxolane-2-propanoic acid, 2,4-dimethyl-, ethyl ester",5413-49-0,CCOC(=O)CCC1(C)OCC(C)O1,na,0,na,na,na
"PYRAZINE, 2-METHOXY-6-METHYL-",2882-21-5,COC1=CN=CC(C)=N1,na,na,na,na,na
Pentaethylene glycol,4792-15-8,OCCOCCOCCOCCOCCO,na,na,na,na,na
5-Methyl-1-heptanol,7212-53-5,CCC(C)CCCCO,na,na,na,na,na
"4,4-Dimethylpentan-2-ol",6144-93-0,CC(O)CC(C)(C)C,na,na,na,na,na
"(+)-1,2-Propanediol",4254-15-3,C[C@H](O)CO,na,na,na,na,na
"2-Heptanol, 2-methyl-, 2-acetate",45021-46-3,CCCCCC(C)(C)OC(C)=O,na,na,na,na,na
"1,3-Dioxolane-2-methanol, 2,4-dimethyl-",53951-43-2,CC1COC(C)(CO)O1,na,na,na,na,na
Acetic acid--hex-4-en-1-ol (1/1),72237-36-6,CC(O)=O.CC=CCCCO,na,na,na,na,na
"1,3-Dioxolane, 4-methyl-2-(2-methylpropyl)-",18433-93-7,CC(C)CC1OCC(C)O1,na,na,na,na,na
"2,4-Dimethyl benzaldehyde",15764-16-6,CC1=CC(C)=C(C=O)C=C1,na,na,na,na,na
Decane,124-18-5,CCCCCCCCCC,na,0,0,1,0
Isobutyl phenylacetate,102-13-6,CC(C)COC(=O)CC1=CC=CC=C1,na,0,0,0,0
"2,6-Dimethylocta-2,6-diene",2792-39-4,CC=C(C)CCC=C(C)C,na,na,na,na,na
"1,6-Dimethylnaphthalene",575-43-9,CC1=CC2=C(C=C1)C(C)=CC=C2,na,0,na,na,1
"2,4-Dihydroxy-6-methylbenzaldehyde",487-69-4,CC1=CC(O)=CC(O)=C1C=O,na,na,na,na,na
d-Carvone,2244-16-8,CC(=C)[C@H]1CC=C(C)C(=O)C1,na,1,na,1,1
1-Heptanol,111-70-6,CCCCCCCO,na,0,1,1,1
1-Ethoxypentan-3-ol,100910-92-7,CCOCCC(O)CC,na,na,na,na,na
Decyl acetate,112-17-4,CCCCCCCCCCOC(C)=O,na,0,1,1,0
Isoterpinolene,586-63-0,CC1CCC(C=C1)=C(C)C,na,na,na,na,na
"4-Methyl-2-propyl-1,3-dioxolane",4352-99-2,CCCC1OCC(C)O1,na,na,na,na,na
Monoacetyl hydrazine,1068-57-1,CC(=O)NN,na,1,1,1,na
Solketal,100-79-8,CC1(C)OCC(CO)O1,na,0,1,0,0
Tetraethylene glycol,112-60-7,OCCOCCOCCOCCO,na,1,1,0,0
Propylene glycol diacetate,623-84-7,CC(COC(C)=O)OC(C)=O,na,0,0,0,0
Heptyl acetate,112-06-1,CCCCCCCOC(C)=O,na,na,na,na,na
6-Ethyl-2-methyldecane,62108-21-8,CCCCC(CC)CCCC(C)C,na,na,na,na,na
Ethylene oxide,75-21-8,C1CO1,1,1,1,1,1
Triticonazole,131983-72-7,CC1(C)CCC(=CC2=CC=C(Cl)C=C2)C1(O)CN1C=NC=N1,na,na,na,na,na
(-)-alpha-Cedrene,469-61-4,[H][C@@]12CC[C@@H](C)[C@]11C[C@@H](C(C)=CC1)C2(C)C,na,na,na,na,na
4-Prop-1-enylveratrole,93-16-3,COC1=C(OC)C=C(C=CC)C=C1,na,na,na,na,na
"1,5-Dioxaspiro[5.5]undecan-3-ol, 10-methyl-7-(1-methylethyl)-",67785-70-0,CC(C)C1CCC(C)CC11OCC(O)CO1,na,na,na,na,na
Piperonyl butoxide,51-03-6,CCCCOCCOCCOCC1=CC2=C(OCO2)C=C1CCC,1,0,1,0,0
Quinoline,91-22-5,C1=CC2=C(C=C1)N=CC=C2,1,1,1,1,1
Cyprodinil,121552-61-2,CC1=NC(NC2=CC=CC=C2)=NC(=C1)C1CC1,0,0,na,na,1
Imidacloprid urea,120868-66-8,ClC1=CC=C(CN2CCNC2=O)C=N1,na,na,na,na,na
Propamocarb,24579-73-5,CCCOC(=O)NCCCN(C)C,na,na,na,na,na
"1-(2,6,6-Trimethyl-1-cyclohexen-1-yl)-2-buten-1-one",35044-68-9,CC=CC(=O)C1=C(C)CCCC1(C)C,na,na,na,na,na
Glycerol dimer,59113-36-9,OCC(O)COCC(O)CO,na,0,0,0,1
Phenylacetic acid,103-82-2,OC(=O)CC1=CC=CC=C1,na,0,1,na,na
Paclobutrazol,76738-62-0,CC(C)(C)[C@@H](O)[C@@H](CC1=CC=C(Cl)C=C1)N1C=NC=N1,0,na,1,1,na
Isophytol,505-32-8,CC(C)CCCC(C)CCCC(C)CCCC(C)(O)C=C,na,0,1,1,na
"1,3-Dimethoxybenzene",151-10-0,COC1=CC(OC)=CC=C1,na,na,na,na,na
Tributylphosphine oxide,814-29-9,CCCCP(=O)(CCCC)CCCC,na,na,1,1,na
"3-[(1S,2R)-1-Methyl-1-oxidopyrrolidin-2-yl]pyridine",29419-55-4,C[N@+]1([O-])CCC[C@@H]1C1=CC=CN=C1,na,na,na,na,na
Pyrrolidine,123-75-1,C1CCNC1,na,0,1,1,na
gamma-Muurolene,30021-74-0,[H][C@]1(CCC(=C)[C@@]2([H])CCC(C)=C[C@@]12[H])C(C)C,na,na,na,na,na
Malathion,121-75-5,CCOC(=O)CC(SP(=S)(OC)OC)C(=O)OCC,1,1,1,1,1
Trifloxystrobin,141517-21-7,CO\N=C(\C(=O)OC)C1=CC=CC=C1CO\N=C(/C)C1=CC(=CC=C1)C(F)(F)F,0,na,1,na,1
Imidacloprid,138261-41-3,[O-][N+](=O)\N=C1/NCCN1CC1=CN=C(Cl)C=C1,na,na,na,na,na
Bifenazate,149877-41-8,COC1=C(NNC(=O)OC(C)C)C=C(C=C1)C1=CC=CC=C1,1,na,1,na,1
(+/-)-Nornicotine,5746-86-1,C1CNC(C1)C1=CC=CN=C1,na,na,na,na,na
"1,3-Dioxolane, 2-(2,6-dimethyl-1,5-heptadien-1-yl)-4-methyl-",10444-50-5,CC1COC(O1)C=C(C)CCC=C(C)C,na,na,na,na,na
trans-(-)-Rose oxide,11/7/5258,C[C@@H]1CCO[C@H](C1)C=C(C)C,na,na,na,na,na
"2-Phenyl-3,1-benzoxazin-4-one",1022-46-4,O=C1OC(=NC2=CC=CC=C12)C1=CC=CC=C1,na,na,na,na,na
Tetradecanoic acid,544-63-8,CCCCCCCCCCCCCC(O)=O,na,0,na,na,na
Metalaxyl,57837-19-1,COCC(=O)N(C(C)C(=O)OC)C1=C(C)C=CC=C1C,0,na,1,na,1
(+/-)-cis-Carveol,1197-06-4,CC(=C)[C@@H]1CC=C(C)[C@H](O)C1,na,na,na,na,na
Boscalid,188425-85-6,ClC1=CC=C(C=C1)C1=C(NC(=O)C2=C(Cl)N=CC=C2)C=CC=C1,1,na,na,na,na
Heptacosane,593-49-7,CCCCCCCCCCCCCCCCCCCCCCCCCCC,na,na,na,na,na
"(R)-(+)-p-(1,2,2-Trimethylcyclopentyl)toluene",16982-00-6,CC1=CC=C(C=C1)[C@]1(C)CCCC1(C)C,na,na,na,na,na
N-Nitrosodimethylamine,62-75-9,CN(C)N=O,1,1,1,1,na
"2,4,7,9-Tetramethyl-5-decyne-4,7-diol",126-86-3,CC(C)CC(C)(O)C#CC(C)(O)CC(C)C,na,0,1,1,1
3-Hydroxy-4-methoxy-benzaldehyde,621-59-0,COC1=CC=C(C=O)C=C1O,na,0,0,1,0
Stigmasterol,83-48-7,[H][C@@]1(CC[C@@]2([H])[C@]3([H])CC=C4C[C@@H](O)CC[C@]4(C)[C@@]3([H])CC[C@]12C)[C@H](C)\C=C\[C@@H](CC)C(C)C,na,na,na,na,na
Propiconazole,60207-90-1,CCCC1COC(CN2C=NC=N2)(O1)C1=C(Cl)C=C(Cl)C=C1,1,na,1,1,1
Myclobutanil,88671-89-0,CCCCC(CN1C=NC=N1)(C#N)C1=CC=C(Cl)C=C1,0,na,1,na,na
Etoxazole,153233-91-1,CCOC1=C(C=CC(=C1)C(C)(C)C)C1COC(=N1)C1=C(F)C=CC=C1F,0,na,na,na,na
Prop-2-en-1-yl 3-cyclohexylpropanoate,2705-87-5,C=CCOC(=O)CCC1CCCCC1,na,1,0,1,1
Ethyl levulinate,539-88-8,CCOC(=O)CCC(C)=O,na,na,na,na,na
Citronellyl propionate,141-14-0,CCC(=O)OCCC(C)CCC=C(C)C,na,na,na,na,na
Bifenthrin,82657-04-3,CC1=C(C=CC=C1COC(=O)[C@@H]1[C@H](\C=C(/Cl)C(F)(F)F)C1(C)C)C1=CC=CC=C1,1,na,0,na,1
Tebuconazole,107534-96-3,CC(C)(C)C(O)(CCC1=CC=C(Cl)C=C1)CN1C=NC=N1,1,na,1,0,0
Butyl 3-methylbutanoate,109-19-3,CCCCOC(=O)CC(C)C,na,na,na,na,na
"Butanoic acid, 2-methyl-, 3-methylbutyl ester",27625-35-0,CCC(C)C(=O)OCCC(C)C,na,na,na,na,na
"2-Buten-1-one, 1-(2,6,6-trimethyl-1,3-cyclohexadien-1-yl)-, (2E)-",23726-93-4,C\C=C\C(=O)C1=C(C)C=CCC1(C)C,na,0,na,na,1
Lavandulol,498-16-8,CC(C)=CC[C@@H](CO)C(C)=C,na,na,na,na,na
"2,6,10,14-tetramethylpentadecene",2140-82-1,CC(C)CCCC(C)CCCC(C)CCCC(C)=C,na,na,na,na,na
Hentriacontane,630-04-6,CCCCCCCCCCCCCCCCCCCCCCCCCCCCCCC,na,na,na,na,na
D-alpha-Tocopheryl acetate,58-95-7,CC(C)CCC[C@@H](C)CCC[C@@H](C)CCC[C@]1(C)CCC2=C(O1)C(C)=C(C)C(OC(C)=O)=C2C,na,1,na,0,na
"9,12-Octadecadienoic acid (9Z,12Z)-, ethyl ester",544-35-4,CCCCC\C=C/C\C=C/CCCCCCCC(=O)OCC,na,na,na,na,na
3-Pyridinecarboxaldehyde,500-22-1,O=CC1=CC=CN=C1,na,na,1,1,1
Methyl stearate,112-61-8,CCCCCCCCCCCCCCCCCC(=O)OC,na,0,0,0,0
Nonacosane,630-03-5,CCCCCCCCCCCCCCCCCCCCCCCCCCCCC,na,na,na,na,na
"2,4,6-Trimethyl-3,5-dioxaheptane",4285-59-0,CC(C)OC(C)OC(C)C,na,na,na,na,na
Citric acid,77-92-9,OC(=O)CC(O)(CC(O)=O)C(O)=O,na,1,1,1,na
Methyl vinyl ketone,78-94-4,CC(=O)C=C,na,1,1,1,1
"Nornicotine, N-formyl",3000-81-5,O=CN1CCCC1C1=CN=CC=C1,na,na,na,na,na
Terpinyl propionate,80-27-3,CCC(=O)OC(C)(C)C1CCC(C)=CC1,na,na,na,na,na
"Hexadecanoic acid, butyl ester",111-06-8,CCCCCCCCCCCCCCCC(=O)OCCCC,na,na,na,na,na
Cadalene,483-78-3,CC(C)C1=C2C=C(C)C=CC2=C(C)C=C1,na,na,na,na,na
Methyl hexadecanoate,112-39-0,CCCCCCCCCCCCCCCC(=O)OC,na,0,0,1,na
(R)-Glycidol,57044-25-4,OC[C@@H]1CO1,na,na,1,1,na
3-Phenylallyl acetate,21040-45-9,CC(=O)OC\C=C\C1=CC=CC=C1,na,na,na,na,na
(R)-Solketal,14347-78-5,CC1(C)OC[C@@H](CO)O1,na,na,na,na,na
Duroquinone,527-17-3,CC1=C(C)C(=O)C(C)=C(C)C1=O,na,na,na,na,na
"1,6-Dichloro-1,6-dideoxyfructose",69414-08-0,O[C@H](CCl)[C@@H](O)[C@H](O)C(=O)CCl,na,na,na,na,na
Methyl (9Z)-octadec-9-enoate,112-62-9,CCCCCCCC\C=C/CCCCCCCC(=O)OC,na,0,na,na,na
"1,2-Propanediol, 1-benzoate",37086-84-3,CC(O)COC(=O)C1=CC=CC=C1,na,na,na,na,na
Hexadecanal,629-80-1,CCCCCCCCCCCCCCCC=O,na,na,na,na,na
Bisabolol,515-69-5,CC(C)=CCC[C@@](C)(O)[C@@H]1CCC(C)=CC1,na,na,na,na,na
Tritriacontane,630-05-7,CCCCCCCCCCCCCCCCCCCCCCCCCCCCCCCCC,na,na,na,na,na
"Tributyl prop-1-ene-1,2,3-tricarboxylate",7568-58-3,CCCCOC(=O)CC(=CC(=O)OCCCC)C(=O)OCCCC,na,na,na,na,1
"1,3-Dioxolane, 4-methyl-",1072-47-5,CC1COCO1,na,na,na,na,na
"N,N-Dimethylformamide",68-12-2,CN(C)C=O,1,0,1,1,0
Octadecanal,638-66-4,CCCCCCCCCCCCCCCCCC=O,na,na,na,na,na
1-Naphthol,90-15-3,OC1=CC=CC2=CC=CC=C12,na,1,1,1,1
Propyl acetate,109-60-4,CCCOC(C)=O,na,1,1,1,na
"1,3-Dichloro-2-propanol",96-23-1,OC(CCl)CCl,1,1,1,1,na
1-Methyl-4-(1-methylvinyl)cyclohexyl acetate,10198-23-9,CC(=C)C1CCC(C)(CC1)OC(C)=O,na,na,na,na,na
(-)-alpha-Cadinol,481-34-5,[H][C@@]12C=C(C)CC[C@@]1([H])[C@](C)(O)CC[C@H]2C(C)C,na,na,na,na,na
Xylitol,87-99-0,OC[C@H](O)[C@@H](O)[C@H](O)CO,na,1,na,na,na
Heptadecane,629-78-7,CCCCCCCCCCCCCCCCC,na,0,0,0,0
Dodecyl acetate,112-66-3,CCCCCCCCCCCCOC(C)=O,na,na,na,na,na
"1-dodecanol, 3,7,11-trimethyl-",6750-34-1,CC(C)CCCC(C)CCCC(C)CCO,na,na,na,na,na
alpha-Tocopherol,10191-41-0,CC(C)CCCC(C)CCCC(C)CCCC1(C)CCC2=C(O1)C(C)=C(C)C(O)=C2C,na,na,0,1,1
Ocimene (E),3779-61-1,CC(C)=CC\C=C(/C)C=C,na,na,na,na,na
"cyclohexanone, 5-methyl-2-(1-methylethyl)-",10458-14-7,CC(C)C1CCC(C)CC1=O,na,na,na,na,na
"(1R,4R)-(+)-Dihydrocarvone",5524-05-0,C[C@@H]1CC[C@H](CC1=O)C(C)=C,na,na,na,na,na
"1-Heptene, 2,6-dimethyl-",3074-78-0,CC(C)CCCC(C)=C,na,na,na,na,na
"1,3-Dioxolan-2-one, 4-(hydroxymethyl)-",931-40-8,OCC1COC(=O)O1,na,0,0,0,0
Acetic anhydride,108-24-7,CC(=O)OC(C)=O,na,0,1,1,na
Glycolic acid,79-14-1,OCC(O)=O,na,0,1,1,0
Octane,111-65-9,CCCCCCCC,na,na,1,1,na
2-Methylalanine,62-57-7,CC(C)(N)C(O)=O,na,na,na,na,na
"1-Heptene, 2-methyl-",15870-10-7,CCCCCC(C)=C,na,na,na,na,na
Di-n-octyl phthalate,117-84-0,CCCCCCCCOC(=O)C1=C(C=CC=C1)C(=O)OCCCCCCCC,na,0,0,0,0
2-Vinylpyridine,100-69-6,C=CC1=NC=CC=C1,na,1,1,1,1
Tricaprin,621-71-6,CCCCCCCCCC(=O)OCC(COC(=O)CCCCCCCCC)OC(=O)CCCCCCCCC,na,na,na,na,na
Ketene,463-51-4,C=C=O,na,1,na,na,na
1-(Hydroxymethyl)-2-[(1-oxooctyl)oxy]ethyl decanoate,177717-46-3,CCCCCCCCCC(=O)OC(CO)COC(=O)CCCCCCC,na,na,na,na,na
Formic acid,64-18-6,OC=O,na,1,1,1,0
Methyl octanoate,111-11-5,CCCCCCCC(=O)OC,na,na,na,1,na
alpha-Pinene-oxide,72936-74-4,CC12OC1C[C@@H]1C[C@H]2C1(C)C,na,na,na,na,na
4-Methyl-1-decene,13151-29-6,CCCCCCC(C)CC=C,na,na,na,na,na
DL-Verbenone,80-57-9,CC1=CC(=O)C2CC1C2(C)C,na,na,na,na,1
1-Nonene,124-11-8,CCCCCCCC=C,na,na,0,0,0
Octanoic acid,124-07-2,CCCCCCCC(O)=O,na,1,1,1,0
Carveol,99-48-9,CC(=C)C1CC=C(C)C(O)C1,na,1,na,na,na
"3,7-Dimethyloct-1-ene",1/4/4984,CC(C)CCCC(C)C=C,na,na,na,1,na
trans-2-Heptenal,18829-55-5,CCCC\C=C\C=O,na,na,na,1,1
"Bicyclo[3.1.1]hept-3-en-2-one, 4,6,6-trimethyl-, (1R,5R)-",18309-32-5,CC1=CC(=O)[C@@H]2C[C@H]1C2(C)C,na,na,na,na,1
Methyl 16-methylheptadecanoate,5129-61-3,COC(=O)CCCCCCCCCCCCCCC(C)C,na,na,na,na,na
Carbazole,86-74-8,N1C2=CC=CC=C2C2=C1C=CC=C2,1,1,na,0,0
4-methyl-1-undecene,74630-39-0,CCCCCCCC(C)CC=C,na,na,na,na,na
Benz(a)anthracene,56-55-3,C1=CC2=C(C=C1)C=C1C(C=CC3=C1C=CC=C3)=C2,1,1,na,na,na
Methyleugenol,93-15-2,COC1=CC=C(CC=C)C=C1OC,1,1,1,0,0
(2E)-2-Decenal,3913-81-3,CCCCCCC\C=C\C=O,na,na,na,1,na
"2,6-Dimethyl-1,6-heptadiene",51708-83-9,CC(=C)CCCC(C)=C,na,na,na,na,na
Durohydroquinone,527-18-4,CC1=C(C)C(O)=C(C)C(C)=C1O,na,na,na,na,na
Heptane,142-82-5,CCCCCCC,0,0,1,1,na
"2,4,7-trimethyl-1,8-naphthyridine",14757-44-9,CC1=NC2=C(C=C1)C(C)=CC(C)=N2,na,na,na,na,na
"2-Propen-1-one, 1-(1H-imidazol-1-yl)-3-phenyl-, (2E)-",1138-15-4,O=C(\C=C\C1=CC=CC=C1)N1C=CN=C1,na,na,na,na,na
"3,9-Undecadien-2-one, 3,6,10-trimethyl-, (3E)-",20056-22-8,CC(CCC=C(C)C)C\C=C(/C)C(C)=O,na,na,na,na,na
Aminoquinoline,31135-62-3,Nc1ccc2ccccc2n1,na,na,na,na,na
"1,2-Dioctanoyl-sn-glycerol",60514-48-9,CCCCCCCC(=O)OC[C@H](CO)OC(=O)CCCCCCC,na,na,na,na,na
N-Methyl-tert-butylamine,14610-37-8,CNC(C)(C)C,na,na,na,na,1
Octanoic anhydride,623-66-5,CCCCCCCC(=O)OC(=O)CCCCCCC,na,na,na,na,na
Butane,106-97-8,CCCC,na,0,na,na,na
Methyl nicotinate,93-60-7,COC(=O)C1=CN=CC=C1,na,0,1,1,1
"2,3,5-Trimethylhydroquinone",700-13-0,CC1=C(O)C(C)=C(C)C(O)=C1,na,0,1,1,1
"1,2-Benzisothiazole",272-16-2,S1N=CC2=CC=CC=C12,na,na,na,na,na
2-Hydroxy-3-(octanoyloxy)propyl decanoate,93980-84-8,CCCCCCCCCC(=O)OCC(O)COC(=O)CCCCCCC,na,na,na,na,na
Decanoic anhydride,2082-76-0,CCCCCCCCCC(=O)OC(=O)CCCCCCCCC,na,na,na,na,na
2-Chloronaphthalene,91-58-7,ClC1=CC=C2C=CC=CC2=C1,0,0,na,na,1
"2-Methyl-4-propyl-1,3-oxathiane",67715-80-4,CCCC1CCOC(C)S1,na,na,na,na,na
Allyl octanoate,4230-97-1,CCCCCCCC(=O)OCC=C,na,na,na,na,na
Methylmalonic acid,516-05-2,CC(C(O)=O)C(O)=O,na,na,na,na,na
Acetoacetic acid,541-50-4,CC(=O)CC(O)=O,na,na,na,na,na
Oxalic acid,144-62-7,OC(=O)C(O)=O,na,0,1,1,1
Acrylic acid,79-10-7,OC(=O)C=C,0,1,1,1,1
Cypermethrin,52315-07-8,CC1(C)C(C=C(Cl)Cl)C1C(=O)OC(C#N)C1=CC=CC(OC2=CC=CC=C2)=C1,1,1,1,1,1
"(1,3-Dioxolan-4-yl)methanol",5464-28-8,OCC1COCO1,na,na,na,na,na
2-Naphthylamine,91-59-8,NC1=CC2=C(C=CC=C2)C=C1,1,1,1,1,na
Resorcinol,108-46-3,OC1=CC(O)=CC=C1,0,1,1,1,1
(-)-alpha-Pinene,7785-26-4,CC1=CC[C@H]2C[C@@H]1C2(C)C,na,0,1,1,1
2-hydroxy-2-methylpentanoic acid,28892-68-4,CCCC(C)(O)C(O)=O,na,na,na,na,na
Oxoacetic acid--water (1/1),563-96-2,O.OC(=O)C=O,na,na,na,na,na
"2,3-Butanediol, 2,3-dimethyl-",76-09-5,CC(C)(O)C(C)(C)O,na,na,na,na,na
"Cyclohexanol, 1-methyl-4-(1-methylethyl)-",21129-27-1,CC(C)C1CCC(C)(O)CC1,na,na,na,1,na
2-Hydroxyheptanoic acid,636-69-1,CCCCCC(O)C(O)=O,na,na,na,na,na
"Cyclohexanol, 5-methyl-2-(1-methylethenyl)-, (1S,2S,5R)-",29141-10-4,C[C@@H]1CC[C@H]([C@H](C1)O)C(=C)C,na,na,na,na,na
2-Hydroxyisobutyric acid,594-61-6,CC(C)(O)C(O)=O,na,na,1,1,na
Reuterin,2134-29-4,OCCC=O,na,na,na,na,na
Tridecan-2-ol,1653-31-2,CCCCCCCCCCCC(C)O,na,na,na,1,na
Methylene glycol,463-57-0,OCO,na,na,na,na,na
Acrylonitrile,107-13-1,C=CC#N,1,1,1,1,1
4-Biphenylamine,92-67-1,NC1=CC=C(C=C1)C1=CC=CC=C1,1,1,na,na,na
Butanedioic acid,110-15-6,OC(=O)CCC(O)=O,na,0,1,1,0
alpha-Cyhalothrin,68085-85-8,CC1(C)C(\C=C(/Cl)C(F)(F)F)C1C(=O)OC(C#N)C1=CC=CC(OC2=CC=CC=C2)=C1,0,na,1,1,1
"Butanedioic acid, 1,4-bis(2-ethylhexyl) ester",2915-57-3,CCCCC(CC)COC(=O)CCC(=O)OCC(CC)CCCC,na,0,0,0,0
1-Naphthylamine,134-32-7,NC1=CC=CC2=C1C=CC=C2,1,1,1,na,na
Propanedioic acid,141-82-2,OC(=O)CC(O)=O,na,0,1,1,na
2-Ethoxyethanol,110-80-5,CCOCCO,na,0,1,1,0
(+)-alpha-Pinene,7785-70-8,CC1=CC[C@@H]2C[C@H]1C2(C)C,na,0,1,1,1
"Butane-1,2,3,4-tetrol",7541-59-5,OCC(O)C(O)CO,na,na,na,na,na
Endosulfan II,33213-65-9,ClC1=C(Cl)[C@@]2(Cl)[C@@H]3COS(=O)OC[C@@H]3[C@@]1(Cl)C2(Cl)Cl,na,na,na,na,na
"2,3-Butanediol",513-85-9,CC(O)C(C)O,na,na,na,na,na
"1,2,4-Butanetriol",3068-00-6,OCCC(O)CO,na,na,na,na,na
"Pentanoic acid, 4-methyl-",646-07-1,CC(C)CCC(O)=O,na,na,1,1,na
"Pentanoic acid, 2-hydroxy-4-methyl-",498-36-2,CC(C)CC(O)C(O)=O,na,na,na,na,na
2-Hydroxyoctanoic acid,617-73-2,CCCCCCC(O)C(O)=O,na,na,na,na,na
2-Methylpentanoic acid,97-61-0,CCCC(C)C(O)=O,na,0,1,1,na
"2,4-Dimethyl-3-pentanol",600-36-2,CC(C)C(O)C(C)C,na,na,na,na,na
2-Ethylhexanoic acid,149-57-5,CCCCC(CC)C(O)=O,na,0,1,1,0
Endosulfan I,959-98-8,ClC1=C(Cl)[C@]2(Cl)[C@@H]3COS(=O)OC[C@@H]3[C@@]1(Cl)C2(Cl)Cl,na,na,na,na,na
Carbonic acid,463-79-6,OC(O)=O,na,na,na,na,na
2-Oxobutyric acid,600-18-0,CCC(=O)C(O)=O,na,na,1,1,na
(+/-)-Glyceraldehyde,56-82-6,OCC(O)C=O,na,na,na,na,na
α-Santalol acetate,41414-75-9,CC(=O)OC\C(C)=C/CC[C@]1(C)C2C[C@H]3[C@@H](C2)[C@@]13C,na,na,na,na,na
"(Z)-3,7-Dimethylocta-2,6-dienyl phenylacetate",71648-43-6,CC(C)=CCC\C(C)=C/COC(=O)CC1=CC=CC=C1,na,na,na,na,na
Methyl 2-(acetylamino)benzoate,8/6/2719,COC(=O)C1=C(NC(C)=O)C=CC=C1,na,na,na,na,na
2-Methylpent-2-en-1-oic acid,3142-72-1,CCC=C(C)C(O)=O,na,na,na,1,na
2-Ethoxy-3-methylpyrazine,32737-14-7,CCOC1=NC=CN=C1C,na,na,na,na,na
2-Isopropyl-5-methylcyclohexyl formate,2230-90-2,CC(C)C1CCC(C)CC1OC=O,na,na,na,na,na
"1,3-Dioxolane, 4-methyl-2-nonyl-",12/5/5421,CCCCCCCCCC1OCC(C)O1,na,na,na,1,na
Ethyl (2E)-2-methyl-2-pentenoate,1617-40-9,CCOC(=O)C(\C)=C\CC,na,na,na,na,na
Isopropyl phenylacetate,4861-85-2,CC(C)OC(=O)CC1=CC=CC=C1,na,0,na,na,na
Maltyl butyrate,67860-01-9,CCCC(=O)OC1=C(C)OC=CC1=O,na,na,na,na,na
"Butanoic acid, (1R,2S,4R)-1,7,7-trimethylbicyclo[2.2.1]hept-2-yl ester, rel-",13109-70-1,CCCC(=O)O[C@H]1C[C@H]2CC[C@]1(C)C2(C)C,na,na,na,na,na
"2,6-Dimethyl-7-(4-methyl-1,3-dioxolan-2-yl)heptan-2-ol",93804-64-9,CC(CCCC(C)(C)O)CC1OCC(C)O1,na,na,na,1,na
"4-Methyl-2-[4-(prop-1-en-2-yl)cyclohex-1-en-1-yl]-1,3-dioxolane",121199-28-8,CC1COC(O1)C1=CCC(CC1)C(C)=C,na,na,na,na,na
Linalyl anthranilate,7149-26-0,CC(C)=CCCC(C)(OC(=O)C1=CC=CC=C1N)C=C,na,0,na,na,na
Rhodinol,141-25-3,CC(CCO)CCCC(C)=C,na,na,na,na,na
"1-(3,3-Dimethylcyclohexyl)ethan-1-one",25304-14-7,CC(=O)C1CCCC(C)(C)C1,na,na,na,na,na
"(2,2-Diethoxyethyl)benzene",6314-97-2,CCOC(CC1=CC=CC=C1)OCC,na,na,na,na,na
"2-Hexenoic acid, methyl ester",2396-77-2,CCCC=CC(=O)OC,na,na,na,na,na
"Benzaldehyde, 2-hydroxy-4-methyl-",698-27-1,CC1=CC(O)=C(C=O)C=C1,na,na,na,na,na
Pulegone,15932-80-6,CC1CCC(=C(C)C)C(=O)C1,na,na,na,na,na
"1-Octen-3-ol, 3,7-dimethyl-",18479-49-7,CC(C)CCCC(C)(O)C=C,na,0,na,1,na
"1,6-Octadiene, 3-ethoxy-3,7-dimethyl-",72845-33-1,CCOC(C)(CCC=C(C)C)C=C,na,na,na,na,na
Geranyl valerate,10402-47-8,CCCCC(=O)OC\C=C(/C)CCC=C(C)C,na,na,na,na,na
2-Methyl-4-oxo-4H-pyran-3-yl acetate,28787-36-2,CC(=O)OC1=C(C)OC=CC1=O,na,na,na,na,na
"4-Methyl-2-{1-[4-(propan-2-yl)phenyl]propan-2-yl}-1,3-dioxolane",73987-12-9,CC(C)C1=CC=C(CC(C)C2OCC(C)O2)C=C1,na,na,na,na,na
"Allyl 3,5,5-trimethylhexanoate",71500-37-3,CC(CC(=O)OCC=C)CC(C)(C)C,na,na,na,na,na
2-methyl-6-methylideneoct-7-en-2-yl acetate,1118-39-4,CC(=O)OC(C)(C)CCCC(=C)C=C,na,0,na,na,1
Benzyl ethyl ether,539-30-0,CCOCC1=CC=CC=C1,na,na,na,na,na
"Cyclopentanone, 2-hexylidene-",17373-89-6,CCCCCC=C1CCCC1=O,na,na,na,na,na
"2,6,10,10-Tetramethyl-1-oxaspiro[4.5]deca-2,6-dien-8-one",80722-28-7,CC1=CCC2(O1)C(C)=CC(=O)CC2(C)C,na,na,na,na,na
Dihydroterpineol acetate,58985-18-5,CC1CCC(CC1)C(C)(C)OC(C)=O,na,na,na,na,na
"3,7-Dimethyloctane-1,7-diol",107-74-4,CC(CCO)CCCC(C)(C)O,na,0,na,na,na
Linalyl isobutyrate,78-35-3,CC(C)C(=O)OC(C)(CCC=C(C)C)C=C,na,0,0,0,0
2-(4-Methylphenyl)propanal,99-72-9,CC(C=O)C1=CC=C(C)C=C1,na,na,na,na,1
Neryl formate,2142-94-1,CC(C)=CCC\C(C)=C/COC=O,na,na,na,na,na
3-Phenylpropyl isobutyrate,103-58-2,CC(C)C(=O)OCCCC1=CC=CC=C1,na,na,na,na,na
Cinnamyl isovalerate,140-27-2,CC(C)CC(=O)OCC=CC1=CC=CC=C1,na,na,na,na,na
"1,3-Dioxolane, 4-methyl-2-(phenylmethyl)-",5/3/5468,CC1COC(CC2=CC=CC=C2)O1,na,na,na,na,na
"1,3-Dioxolane, 4-methyl-2-octyl-",68391-39-9,CCCCCCCCC1OCC(C)O1,na,na,na,1,na
"1,2,3-Propanetriol, cyclic ether with (2-methylphenyl)methanediol",1333-09-1,Cc1ccccc1C(O)O.OCC(O)CO,na,na,na,na,na
(4-Methylphenoxy) acetic acid ethyl ester,67028-40-4,CCOC(=O)COC1=CC=C(C)C=C1,na,na,na,1,1
"Ethanone, 1-(2-methoxyphenyl)-",579-74-8,COC1=C(C=CC=C1)C(C)=O,na,na,na,na,na
"2-Heptyl-4-methyl-1,3-dioxolane",74094-61-4,CCCCCCCC1OCC(C)O1,na,na,na,1,na
"Butanoic acid, 3-methyl-, (2Z)-3,7-dimethyl-2,6-octadien-1-yl ester",3915-83-1,CC(C)CC(=O)OC\C=C(\C)CCC=C(C)C,na,na,na,na,na
"2-Heptyl-2,4-dimethyl-1,3-dioxolane",165191-91-3,CCCCCCCC1(C)OCC(C)O1,na,na,na,na,na
Isomenthyl acetate,20777-45-1,CC(C)[C@@H]1CC[C@H](C)C[C@H]1OC(C)=O,na,na,na,na,na
3-Methyl-3-pentanol,77-74-7,CCC(C)(O)CC,na,na,na,na,na
2-Octenal,2363-89-5,CCCCCC=CC=O,na,na,na,1,1
3-Phenylprop-2-en-1-yl propanoate,103-56-0,CCC(=O)OCC=CC1=CC=CC=C1,na,0,0,1,0
3-Phenylprop-2-en-1-yl benzoate,5320-75-2,O=C(OCC=CC1=CC=CC=C1)C1=CC=CC=C1,na,na,na,na,1
"4-Methyl-2-(1E)-1-penten-1-yl-1,3-dioxolane",94089-21-1,CCC\C=C\C1OCC(C)O1,na,na,na,na,na
2-Propylpyridine,622-39-9,CCCC1=NC=CC=C1,na,na,na,na,na
Dimethylsilanediol,1066-42-8,C[Si](C)(O)O,na,na,na,na,na
"Benzenepropanol, .alpha.-methyl-, 1-acetate",10415-88-0,CC(CCC1=CC=CC=C1)OC(C)=O,na,na,na,na,na
(Z)-Hept-3-enyl acetate,1576-78-9,CCC\C=C\CCOC(C)=O,na,na,na,na,na
Prop-2-en-1-yl heptanoate,142-19-8,CCCCCCC(=O)OCC=C,na,0,na,0,0
"6-Methoxy-2,6-dimethylheptan-1-al",62439-41-2,COC(C)(C)CCCC(C)C=O,na,na,na,na,na
"3,7-Dimethylocta-1,6-dien-3-yl hexanoate",7779-23-9,CCCCCC(=O)OC(C)(CCC=C(C)C)C=C,na,na,na,na,na
1-(4-Methoxyphenyl)-4-methyl-1-penten-3-one,103-13-9,COC1=CC=C(C=CC(=O)C(C)C)C=C1,na,na,na,na,na
"Heptanoic acid, pentyl ester",7493-82-5,CCCCCCC(=O)OCCCCC,na,na,na,na,na
Allyl isovalerate,2835-39-4,CC(C)CC(=O)OCC=C,0,1,na,na,na
"2,4-Decadienal",2363-88-4,CCCCCC=CC=CC=O,na,na,na,1,na
3-Sulfanylheptyl acetate,548774-80-7,CCCCC(S)CCOC(C)=O,na,na,na,na,na
"4,7-Octadienoic acid, ethyl ester, (Z)-",69925-33-3,CCOC(=O)CC\C=C/CC=C,na,na,na,na,na
"4,5-Octanedione",5455-24-3,CCCC(=O)C(=O)CCC,na,na,na,na,na
Butyl anthranilate,7756-96-9,CCCCOC(=O)C1=CC=CC=C1N,na,0,0,na,na
Allyl decanoate,57856-81-2,CCCCCCCCCC(=O)OCC=C,na,na,na,na,na
"Butanoic acid, 1-ethylhexyl ester",20286-45-7,CCCCCC(CC)OC(=O)CCC,na,na,na,na,na
{[1-(2-Methoxyethoxy)ethoxy]methyl}benzene,7492-39-9,COCCOC(C)OCC1=CC=CC=C1,na,na,na,na,na
"Propanoic acid, 2-methyl-, heptyl ester",2349-13-5,CCCCCCCOC(=O)C(C)C,na,na,1,1,na
1-(3-Hydroxy-5-methylthiophen-2-yl)ethan-1-one,133860-42-1,CC(=O)C1=C(O)C=C(C)S1,na,na,na,na,na
"6-Nonenyl acetate, (6Z)-",76238-22-7,CC\C=C/CCCCCOC(C)=O,na,na,na,na,na
"(E,E)-3,5-Octadien-2-one",30086-02-3,CC\C=C\C=C\C(C)=O,na,na,na,na,na
Furfuryl acetate,623-17-6,CC(=O)OCC1=CC=CO1,na,0,na,na,na
"3-(3,4-Methylenedioxyphenyl)-2-methylpropanal",1205-17-0,CC(CC1=CC2=C(OCO2)C=C1)C=O,na,0,0,0,1
Diethyl malate,12/3/7554,CCOC(=O)CC(O)C(=O)OCC,na,na,na,na,na
"5-Methyl-2,3-hexanedione",13706-86-0,CC(C)CC(=O)C(C)=O,na,na,na,na,na
Guaiol acetate,134-28-1,C[C@H]1CCC2=C1C[C@@H](CC[C@@H]2C)C(C)(C)OC(C)=O,na,na,na,na,na
"2-Oxepanone, 4-methyl-7-(1-methylethyl)-",499-54-7,CC(C)C1CCC(C)CC(=O)O1,na,na,na,na,na
((4-Methoxybenzoyl)oxy)acetic acid,10414-68-3,COC1=CC=C(C=C1)C(=O)OCC(O)=O,na,na,na,na,na
2-Pentanyl acetate,626-38-0,CCCC(C)OC(C)=O,na,na,1,1,1
Cyclohexanecarboxylic acid,98-89-5,OC(=O)C1CCCCC1,na,na,1,1,na
Methyl 3-(acetyloxy)octanoate,35234-21-0,CCCCCC(CC(=O)OC)OC(C)=O,na,na,na,na,na
7-Decen-4-olide,67114-38-9,CCC=CCCC1CCC(=O)O1,na,na,na,na,na
Viridiflorol,552-02-3,C[C@@H]1CC[C@H]2[C@@H]1[C@H]1[C@@H](CC[C@]2(C)O)C1(C)C,na,na,na,na,na
"2-Hexenoic acid, methyl ester, (2E)-",13894-63-8,CCC\C=C\C(=O)OC,na,na,na,na,na
(E)-Oct-2-enyl butyrate,84642-60-4,CCCCC\C=C\COC(=O)CCC,na,na,na,na,na
Propyl valerate,141-06-0,CCCCC(=O)OCCC,na,na,na,na,na
Isopropyl hexanoate,2311-46-8,CCCCCC(=O)OC(C)C,na,na,na,na,na
Ethyl 3-phenylpropionate,2021-28-5,CCOC(=O)CCC1=CC=CC=C1,na,na,na,na,na
"Cyclohexaneacetic acid, 2-propenyl ester",4728-82-9,C=CCOC(=O)CC1CCCCC1,na,na,na,1,na
"Propanoic acid, 2-methyl-, butyl ester",97-87-0,CCCCOC(=O)C(C)C,na,na,na,na,na
"2,4-Dimethyl-1,3-dioxolane",12/3/3390,CC1COC(C)O1,na,na,na,na,na
"1,1-Diethoxyhex-2-ene",54306-00-2,CCCC=CC(OCC)OCC,na,na,na,na,na
"Allyl (2E,4E)-2,4-hexadienoate",7493-75-6,C\C=C\C=C\C(=O)OCC=C,na,na,na,na,na
"3-Methyl-4-(2,6,6-trimethyl-1-cyclohexen-1-yl)-3-buten-2-one",79-89-0,CC(=O)C(C)=CC1=C(C)CCCC1(C)C,na,na,na,na,na
"Propanoic acid, 2-methyl-, 1,1-dimethyl-3-phenylpropyl ester",10031-71-7,CC(C)C(=O)OC(C)(C)CCC1=CC=CC=C1,na,na,na,na,na
Acetic acid--oct-5-en-1-ol (1/1),71978-00-2,CC(O)=O.CCC=CCCCCO,na,na,na,na,na
Methyl 3-nonenoate,13481-87-3,CCCCCC=CCC(=O)OC,na,na,na,na,na
"Butanoic acid, 3-methyl-, cyclohexyl ester",7774-44-9,CC(C)CC(=O)OC1CCCCC1,na,na,na,1,na
3-Methyl-2-buten-1-ol,556-82-1,CC(C)=CCO,na,0,1,1,na
1-Phenylpropan-1-one,93-55-0,CCC(=O)C1=CC=CC=C1,na,na,1,na,na
2-Phenylethyl 2-methylbutanoate,24817-51-4,CCC(C)C(=O)OCCC1=CC=CC=C1,na,na,na,na,na
Ethyl 2-methyl-3-pentenoate,1617-23-8,CCOC(=O)C(C)C=CC,na,na,na,na,na
"3-Buten-2-one, 4-(4-hydroxy-3-methoxyphenyl)-",1080-12-2,COC1=C(O)C=CC(C=CC(C)=O)=C1,na,na,na,1,na
3-Nonen-2-one,14309-57-0,CCCCCC=CC(C)=O,na,na,na,na,na
6-Methylquinoline,91-62-3,CC1=CC2=CC=CN=C2C=C1,na,1,1,1,na
Carvyl acetate,97-42-7,CC(=O)OC1CC(CC=C1C)C(C)=C,na,0,na,na,na
"(E)-3,7-Dimethylocta-2,6-diene-1-thiol",39067-80-6,CC(C)=CCC\C(C)=C\CS,na,na,na,na,na
"Formic acid, propyl ester",110-74-7,CCCOC=O,na,na,1,na,na
"Pentanoic acid, butyl ester",591-68-4,CCCCOC(=O)CCCC,na,na,na,na,na
"2-Hexenoic acid, ethyl ester, (2E)-",27829-72-7,CCC\C=C\C(=O)OCC,na,na,na,na,na
Acetaldehyde ethyl cis-3-hexenyl acetal,28069-74-1,CCOC(C)OCC\C=C/CC,na,na,na,na,na
Methionyl butyrate,16630-60-7,CCCC(=O)OCCCSC,na,na,na,na,na
Dimethyl succinate,106-65-0,COC(=O)CCC(=O)OC,na,1,1,0,0
"Butanoic acid, (tetrahydro-2-furanyl)methyl ester",2217-33-6,CCCC(=O)OCC1CCCO1,na,na,na,na,na
"2-Decenoic acid, ethyl ester, (2E)-",7367-88-6,CCCCCCC\C=C\C(=O)OCC,na,na,na,na,na
Benzyl 2-methylpropanoate,103-28-6,CC(C)C(=O)OCC1=CC=CC=C1,na,0,1,0,0
"6-Azulenol, 1,2,3,3a,4,5,6,8a-octahydro-4,8-dimethyl-2-(1-methylethylidene)-, 6-acetate",117-98-6,CC1CC(OC(C)=O)C=C(C)C2CC(CC12)=C(C)C,na,na,na,na,na
3-Decen-2-one,10519-33-2,CCCCCCC=CC(C)=O,na,na,na,na,na
2-Phenoxyethyl isobutyrate,103-60-6,CC(C)C(=O)OCCOC1=CC=CC=C1,na,0,0,0,0
"1,2-Dimethoxybenzene",91-16-7,COC1=CC=CC=C1OC,na,0,0,0,0
beta-Cyclocitral,432-25-7,CC1=C(C=O)C(C)(C)CCC1,na,na,na,na,na
(+)-Myrtenyl acetate,1079-01-2,CC(=O)OCC1=CC[C@@H]2C[C@H]1C2(C)C,na,na,na,na,na
Isopentyl benzoate,94-46-2,CC(C)CCOC(=O)C1=CC=CC=C1,na,0,0,0,0
Methyl 2-nonenoate,111-79-5,CCCCCCC=CC(=O)OC,na,0,0,1,0
"Hexanoic acid, butyl ester",626-82-4,CCCCCC(=O)OCCCC,na,na,na,na,na
(E)-2-Pentenal,1576-87-0,CC\C=C\C=O,na,na,na,1,1
"Benzenepropanol, 1-propanoate",122-74-7,CCC(=O)OCCCC1=CC=CC=C1,na,na,na,na,na
"2,4-Hexadienoic acid, ethyl ester, (2E,4E)-",2396-84-1,CCOC(=O)\C=C\C=C\C,na,na,na,na,na
(Z)-3-Nonenyl acetate,13049-88-2,CCCCC\C=C/CCOC(C)=O,na,na,na,na,na
Amyl furoate,1334-82-3,CCCCCOC(=O)c1occc1,na,na,na,na,na
"Benzoic acid, 2-amino-, 1-methylethyl ester",18189-02-1,CC(C)OC(=O)C1=C(N)C=CC=C1,na,na,na,na,na
Methyl cyclohexanecarboxylate,4630-82-4,COC(=O)C1CCCCC1,na,na,na,1,na
Hexyl 2-hydroxypropanoate,20279-51-0,CCCCCCOC(=O)C(C)O,na,na,na,na,na
